date;01.1 Fødevarer;01.2 Ikke-alkoholiske drikkevarer;02.1 Alkoholiske drikkevarer;02.2 Tobak;03.1 Beklædning;03.2 Fodtøj;04.1 Faktisk husleje;04.2 Beregnet lejeværdi af bolig;04.3 Vedligeholdelse og reparation af bolig;04.4 Vandforsyning og andre tjenester i forbindelse med boligen;04.5 Elektricitet, gas og andet brændsel;05.1 Møbler og boligudstyr, tæpper og anden gulvbelægning;05.2 Boligtekstiler;05.3 Husholdningsapparater og reparation heraf;05.4 Glas, service og husholdningsredskaber;05.5 Værktøj og udstyr til hus og have;05.6 Andre varer og tjenester til husholdningen;06.1 Medicinske produkter, apparater og medicinsk udstyr;06.2 Ambulant behandling;06.3 Hospitalstjenester;07.1 Køb af køretøjer;07.2 Drift af personlige transportmidler;07.3 Transporttjenester;08.1 Posttjenester;08.2 Telefon- og telefaxudstyr;08.3 Teletjenester;09.1 Audiovisuelt og fotografisk udstyr og dataudstyr;09.2 Andre større varige forbrugsgoder til fritids- og kulturaktiviteter;09.3 Andet tilbehør og udstyr til fritid, haver og kæledyr;09.4 Fritids- og kulturtjenester;09.5 Aviser, bøger og papirvarer;09.6 Pakkerejser;10.1 Førskoleundervisning og primær undervisning;10.2 Ungdomsuddannelse;10.4 Videregående uddannelse;10.5 Undervisning uden for niveau;11.1 Restauranter, cafeer og kantiner mv.;11.2 Overnatningsfaciliteter;12.1 Personlig pleje;12.3 Andre personlige effekter;12.4 Daginstitutioner og social forsorg;12.5 Forsikring;12.6 Finansielle tjenester;12.7 Andre tjenester
2001M01;3,09;3,29;3,67;2,76;4,00;2,55;2,88;2,88;3,05;2,50;2,96;3,75;3,42;4,04;3,21;3,55;2,88;4,04;2,79;3,21;3,92;2,84;2,84;1,88;36,88;5,33;11,21;3,30;4,13;2,71;2,54;3,09;..;..;..;..;2,88;3,42;3,25;3,00;2,92;2,58;2,59;2,75
2001M02;3,13;3,34;3,71;2,76;4,08;2,51;2,96;2,96;3,13;2,50;2,96;3,79;3,50;4,04;3,25;3,59;2,88;4,04;2,79;3,21;3,92;2,88;2,92;1,88;36,09;5,30;11,21;3,30;4,17;2,67;2,54;3,09;..;..;..;..;2,92;3,42;3,25;3,01;2,92;2,58;2,59;2,75
2001M03;3,13;3,38;3,71;2,76;4,46;2,59;2,96;2,96;3,13;2,50;2,92;3,79;3,55;4,04;3,25;3,59;2,88;4,04;2,79;3,21;3,96;2,88;2,92;1,88;32,92;5,30;11,21;3,29;4,13;2,71;2,55;3,09;..;..;..;..;2,92;3,42;3,29;3,05;2,92;2,58;2,59;2,75
2001M04;3,17;3,34;3,71;2,76;4,59;2,63;2,96;2,96;3,13;2,50;2,92;3,80;3,54;4,04;3,29;3,59;2,88;3,88;2,84;3,21;3,92;2,92;2,92;1,88;32,54;5,30;11,34;3,25;4,17;2,71;2,58;3,09;..;..;..;..;2,92;3,42;3,29;3,08;2,92;2,58;2,71;2,80
2001M05;3,21;3,34;3,71;2,76;4,59;2,63;2,96;2,96;3,13;2,50;2,96;3,79;3,51;4,05;3,30;3,63;2,88;3,88;2,84;3,21;3,92;3,00;2,92;1,88;30,92;5,30;11,38;3,33;4,17;2,71;2,59;3,25;..;..;..;..;2,92;3,55;3,30;3,09;2,92;2,63;2,75;2,80
2001M06;3,21;3,34;3,63;2,76;4,58;2,67;2,96;2,96;3,13;2,50;2,96;3,79;3,54;4,04;3,33;3,63;2,92;3,88;2,84;3,21;3,92;2,96;2,92;1,88;29,29;5,30;11,34;3,34;4,13;2,71;2,59;3,25;..;..;..;..;2,92;3,55;3,30;3,09;3,04;2,63;2,75;2,79
2001M07;3,17;3,34;3,63;2,76;4,17;2,59;2,96;2,96;3,13;2,50;2,96;3,79;3,46;4,00;3,30;3,63;2,92;4,50;2,84;3,25;3,96;2,92;2,96;1,88;29,21;5,30;11,13;3,34;4,09;2,71;2,59;3,25;..;..;..;..;2,92;3,55;3,33;3,09;3,04;2,63;2,96;2,79
2001M08;3,21;3,38;3,63;2,76;4,05;2,51;2,96;2,96;3,13;2,50;2,96;3,79;3,46;4,00;3,29;3,63;2,92;4,50;2,84;3,25;3,96;2,92;2,96;1,88;28,96;5,30;11,13;3,33;4,05;2,71;2,59;3,25;..;..;..;..;2,92;3,55;3,33;3,09;3,04;2,63;2,96;2,79
2001M09;3,17;3,33;3,58;2,76;4,63;2,55;2,96;2,96;3,13;2,50;2,96;3,79;3,54;4,01;3,29;3,67;2,92;4,50;2,84;3,25;3,96;2,96;2,92;1,88;29,79;5,30;11,13;3,38;4,09;2,71;2,59;3,25;..;..;..;..;2,92;3,55;3,33;3,05;3,04;2,63;2,96;2,84
2001M10;3,17;3,30;3,59;2,84;4,71;2,63;2,96;2,96;3,13;2,50;2,96;3,80;3,55;4,04;3,30;3,67;2,92;4,17;2,92;3,25;3,96;2,88;2,96;1,88;29,96;5,30;10,80;3,38;4,13;2,71;2,63;3,25;..;..;..;..;2,96;3,55;3,33;3,09;3,04;2,63;2,96;2,84
2001M11;3,17;3,25;3,55;2,84;4,71;2,67;2,96;2,96;3,13;2,50;2,92;3,79;3,51;4,05;3,30;3,67;2,92;4,17;2,92;3,25;4,00;2,80;2,96;1,88;30,83;5,30;10,79;3,38;4,13;2,71;2,63;3,33;..;..;..;..;2,96;3,55;3,34;3,09;3,04;2,63;2,96;2,84
2001M12;3,17;3,29;3,55;2,84;4,67;2,63;2,96;2,96;3,13;2,50;3,00;3,80;3,54;4,05;3,29;3,71;2,92;4,17;2,92;3,25;4,00;2,83;2,96;1,88;31,21;5,30;10,80;3,38;4,13;2,71;2,63;3,33;..;..;..;..;2,96;3,55;3,34;3,09;3,04;2,63;2,96;2,88
2002M01;3,21;3,34;3,63;2,84;4,17;2,54;2,96;2,96;3,17;2,58;3,04;3,79;3,50;4,04;3,30;3,71;2,92;4,09;2,92;3,30;4,00;2,88;2,96;1,96;31,67;5,30;10,83;3,38;4,13;2,79;2,63;3,33;..;..;..;..;2,96;3,55;3,34;3,13;3,04;2,71;3,00;2,88
2002M02;3,25;3,38;3,63;2,84;4,25;2,42;3,04;3,04;3,17;2,58;3,01;3,80;3,46;4,04;3,34;3,71;2,92;4,09;2,92;3,30;4,01;2,88;3,04;1,96;32,13;5,30;10,80;3,38;4,17;2,80;2,67;3,33;..;..;..;..;2,96;3,55;3,34;3,17;3,04;2,71;3,00;2,88
2002M03;3,25;3,38;3,63;2,84;4,67;2,55;3,04;3,04;3,17;2,58;3,04;3,83;3,50;4,08;3,34;3,75;2,92;4,09;2,92;3,30;4,04;2,92;3,04;1,96;29,88;5,30;10,84;3,38;4,17;2,80;2,71;3,33;..;..;..;..;2,96;3,55;3,38;3,17;3,04;2,71;3,00;2,88
2002M04;3,25;3,38;3,59;2,84;4,71;2,58;3,04;3,04;3,17;2,63;3,05;3,83;3,50;4,08;3,34;3,71;3,08;3,92;2,92;3,30;4,04;3,00;3,01;1,96;28,88;5,34;10,84;3,38;4,13;2,80;2,71;3,33;..;..;..;..;2,96;3,55;3,38;3,17;3,17;2,71;3,00;2,88
2002M05;3,25;3,42;3,58;2,84;4,75;2,59;3,04;3,04;3,21;2,63;3,05;3,84;3,50;4,09;3,38;3,75;3,08;3,88;2,96;3,30;4,05;2,96;3,00;1,96;29,50;5,33;10,83;3,46;4,21;2,80;2,67;3,38;..;..;..;..;3,00;3,71;3,38;3,17;3,17;2,71;3,00;2,88
2002M06;3,25;3,38;3,59;2,84;4,71;2,59;3,04;3,04;3,21;2,63;3,05;3,84;3,50;4,08;3,38;3,75;3,08;3,96;2,96;3,30;4,08;2,96;3,01;1,96;30,01;5,33;10,75;3,46;4,17;2,80;2,71;3,38;..;..;..;..;3,00;3,71;3,42;3,17;3,17;2,71;3,00;2,88
2002M07;3,25;3,38;3,59;2,84;4,21;2,54;3,04;3,04;3,21;2,67;3,04;3,83;3,46;4,04;3,38;3,75;3,09;4,29;2,96;3,34;4,09;2,96;3,04;1,96;29,75;5,33;10,67;3,42;4,13;2,83;2,71;3,38;..;..;..;..;3,00;3,71;3,42;3,17;3,17;2,92;3,00;2,88
2002M08;3,21;3,42;3,59;2,88;4,25;2,50;3,04;3,04;3,21;2,67;3,04;3,83;3,46;4,05;3,38;3,75;3,09;4,30;2,96;3,34;4,09;2,96;3,04;1,96;29,63;5,30;10,63;3,42;4,09;2,80;2,71;3,38;..;..;..;..;3,00;3,71;3,42;3,17;3,17;2,92;3,00;2,88
2002M09;3,21;3,42;3,59;2,88;4,71;2,63;3,04;3,04;3,21;2,67;3,05;3,83;3,51;4,08;3,38;3,75;3,09;4,21;2,96;3,34;4,09;3,00;3,00;1,96;29,00;5,33;10,63;3,42;4,13;2,84;2,71;3,38;..;..;..;..;3,00;3,71;3,42;3,17;3,17;2,92;3,00;2,88
2002M10;3,21;3,38;3,59;2,88;4,80;2,67;3,04;3,04;3,21;2,67;3,09;3,84;3,54;4,08;3,38;3,75;3,09;4,13;2,96;3,34;4,13;3,00;3,04;1,96;28,59;5,30;10,54;3,42;4,13;2,84;2,71;3,38;..;..;..;..;3,00;3,71;3,42;3,21;3,17;2,92;3,00;2,92
2002M11;3,21;3,38;3,63;2,88;4,84;2,71;3,04;3,04;3,21;2,67;3,05;3,84;3,51;4,08;3,38;3,75;3,09;4,04;2,96;3,34;4,13;2,96;3,05;1,96;27,42;5,33;10,51;3,42;4,13;2,84;2,75;3,34;..;..;..;..;3,00;3,67;3,42;3,21;3,17;2,92;3,04;2,92
2002M12;3,21;3,38;3,55;2,88;4,80;2,71;3,04;3,04;3,21;2,67;3,05;3,84;3,54;4,09;3,42;3,76;3,09;4,04;2,96;3,34;4,13;2,96;3,04;1,96;25,79;5,33;10,46;3,42;4,17;2,84;2,80;3,34;..;..;..;..;3,00;3,67;3,42;3,21;3,17;2,92;3,04;2,92
2003M01;3,25;3,34;3,59;2,88;4,25;2,63;3,04;3,04;3,21;2,76;3,13;3,84;3,50;4,00;3,42;3,75;3,09;3,96;2,96;3,42;4,21;3,00;3,05;2,05;27,54;5,30;10,42;3,42;4,21;2,92;2,75;3,34;..;..;..;..;3,01;3,67;3,46;3,21;3,17;3,00;3,04;2,92
2003M02;3,29;3,38;3,63;2,88;4,21;2,59;3,13;3,13;3,21;2,76;3,17;3,84;3,51;4,01;3,42;3,76;3,13;3,92;2,96;3,42;4,21;3,05;3,13;2,05;26,00;5,30;10,46;3,42;4,21;2,92;2,76;3,34;..;..;..;..;3,04;3,67;3,46;3,21;3,17;3,00;3,04;2,92
2003M03;3,33;3,34;3,59;2,88;4,67;2,67;3,13;3,13;3,21;2,76;3,21;3,84;3,55;4,04;3,42;3,75;3,13;3,88;2,96;3,42;4,21;3,08;3,17;2,05;25,25;5,30;10,54;3,42;4,21;2,92;2,79;3,34;..;..;..;..;3,04;3,67;3,46;3,21;3,17;3,00;3,04;2,92
2003M04;3,30;3,34;3,58;2,88;4,79;2,67;3,13;3,13;3,21;2,76;3,13;3,84;3,55;4,04;3,42;3,76;3,13;3,84;3,04;3,42;4,25;3,01;3,13;2,05;25,00;5,30;10,58;3,42;4,21;2,92;2,79;3,34;..;..;..;..;3,05;3,67;3,50;3,25;3,33;3,00;3,04;2,92
2003M05;3,30;3,34;3,59;2,88;4,80;2,67;3,13;3,13;3,25;2,76;3,09;3,88;3,55;4,04;3,42;3,75;3,13;3,84;3,04;3,42;4,25;2,96;3,13;2,05;24,13;5,30;10,63;3,42;4,21;2,92;2,79;3,30;..;..;..;..;3,05;3,75;3,50;3,21;3,33;3,00;3,05;2,92
2003M06;3,33;3,33;3,58;2,88;4,75;2,67;3,13;3,13;3,25;2,76;3,05;3,84;3,59;4,04;3,42;3,75;3,13;3,88;3,04;3,42;4,25;2,96;3,17;2,05;24,05;5,17;10,75;3,42;4,21;2,92;2,80;3,30;..;..;..;..;3,05;3,75;3,50;3,21;3,33;3,00;3,05;2,92
2003M07;3,30;3,38;3,59;2,88;4,21;2,54;3,13;3,13;3,25;2,76;3,00;3,84;3,54;4,00;3,42;3,75;3,13;3,88;3,04;3,46;4,26;3,00;3,21;2,05;24,05;5,17;10,75;3,42;4,17;2,92;2,80;3,30;..;..;..;..;3,05;3,75;3,50;3,25;3,33;3,01;3,05;2,92
2003M08;3,29;3,38;3,63;2,88;4,09;2,51;3,13;3,13;3,25;2,76;3,01;3,84;3,55;4,00;3,42;3,71;3,13;3,84;3,04;3,50;4,29;3,04;3,21;2,05;23,38;5,17;10,80;3,42;4,17;2,92;2,75;3,30;..;..;..;..;3,08;3,75;3,50;3,25;3,33;3,01;3,05;2,92
2003M09;3,30;3,33;3,58;2,88;4,75;2,67;3,13;3,13;3,25;2,76;3,04;3,84;3,59;4,00;3,46;3,71;3,13;4,25;3,04;3,50;4,29;3,04;3,13;2,05;22,26;5,17;10,83;3,42;4,17;2,88;2,75;3,30;..;..;..;..;3,08;3,75;3,50;3,25;3,33;3,01;3,05;2,92
2003M10;3,29;3,25;3,42;2,63;4,88;2,79;3,13;3,13;3,25;2,76;3,04;3,84;3,63;4,00;3,46;3,75;3,13;4,21;3,05;3,50;4,29;3,00;3,17;2,05;22,38;5,17;10,88;3,42;4,17;2,88;2,84;3,34;..;..;..;..;3,09;3,75;3,50;3,25;3,33;2,96;3,05;2,96
2003M11;3,30;3,21;3,46;2,63;4,88;2,84;3,13;3,13;3,25;2,76;3,04;3,88;3,59;4,00;3,46;3,76;3,13;4,21;3,05;3,50;4,30;3,00;3,17;2,05;21,88;5,17;10,79;3,42;4,17;2,92;2,92;3,17;..;..;..;..;3,09;3,75;3,50;3,25;3,33;2,96;3,09;2,96
2003M12;3,30;3,17;3,46;2,63;4,88;2,84;3,13;3,13;3,26;2,76;3,04;3,84;3,59;4,01;3,46;3,79;3,13;4,13;3,05;3,50;4,33;3,00;3,17;2,05;20,92;5,17;10,67;3,42;4,17;2,92;2,96;3,04;..;..;..;..;3,09;3,75;3,50;3,25;3,33;2,96;3,09;2,96
2004M01;3,30;3,21;3,50;2,63;4,13;2,75;3,13;3,13;3,26;2,88;3,05;3,84;3,59;4,00;3,46;3,79;3,46;4,09;3,05;3,50;4,33;3,00;3,21;2,17;20,84;5,17;10,58;3,42;4,21;3,00;2,96;3,17;..;..;..;..;3,09;3,75;3,51;3,25;3,33;3,13;3,09;2,96
2004M02;3,29;3,17;3,50;2,63;4,34;2,71;3,21;3,21;3,29;2,88;3,05;3,84;3,63;4,04;3,50;3,79;3,46;3,96;3,05;3,51;4,33;3,01;3,29;2,17;21,17;5,13;10,38;3,42;4,21;3,00;2,92;3,42;..;..;..;..;3,09;3,75;3,51;3,25;3,33;3,13;3,09;2,96
2004M03;3,30;3,21;3,42;2,63;4,71;2,71;3,21;3,21;3,26;2,88;3,09;3,88;3,67;4,01;3,50;3,79;3,46;3,88;3,05;3,51;4,33;3,08;3,29;2,17;20,92;5,13;10,00;3,42;4,21;3,00;3,00;3,30;..;..;..;..;3,09;3,75;3,55;3,25;3,33;3,13;3,09;2,96
2004M04;3,30;3,17;3,42;2,63;4,79;2,79;3,21;3,21;3,26;2,84;3,05;3,88;3,63;4,00;3,50;3,79;3,50;3,88;3,17;3,51;4,34;3,08;3,25;2,17;20,13;5,13;9,71;3,42;4,17;3,00;3,00;3,42;..;..;..;..;3,13;3,75;3,55;3,25;3,46;3,13;3,13;3,00
2004M05;;3,30;3,21;3,42;2,63;4,84;2,80;3,21;3,21;3,26;2,84;3,09;3,88;3,63;4,05;3,50;3,76;3,50;3,84;3,17;3,54;4,34;3,17;3,29;2,17;18,84;5,00;9,54;3,46;4,21;3,00;2,96;3,17;..;..;..;..;3,13;3,83;3,55;3,25;3,46;3,13;3,13
2004M06;;3,30;3,17;3,42;2,63;4,75;2,79;3,21;3,21;3,29;2,84;3,09;3,88;3,67;4,01;3,50;3,75;3,50;3,84;3,17;3,54;4,34;3,13;3,26;2,17;17,80;5,04;9,50;3,46;4,21;3,00;3,00;3,30;..;..;..;..;3,13;3,83;3,55;3,25;3,46;3,13;3,13
2004M07;;3,29;3,17;3,46;2,63;4,09;2,71;3,21;3,21;3,29;2,88;3,09;3,88;3,59;4,00;3,50;3,75;3,46;3,96;3,17;3,54;4,38;3,13;3,30;2,17;16,59;5,09;9,17;3,46;4,17;3,01;2,96;3,96;..;..;..;..;3,13;3,83;3,58;3,25;3,46;3,17;3,17
2004M08;;3,26;3,17;3,42;2,67;4,13;2,63;3,21;3,21;3,29;2,88;3,13;3,88;3,59;4,00;3,46;3,75;3,46;3,96;3,17;3,54;4,34;3,17;3,34;2,17;16,58;5,04;9,04;3,46;4,13;3,00;2,88;3,25;..;..;..;..;3,17;3,83;3,58;3,21;3,46;3,17;3,17
2004M09;;3,25;3,21;3,46;2,67;4,71;2,71;3,21;3,21;3,29;2,88;3,13;3,88;3,63;4,00;3,46;3,76;3,46;4,13;3,17;3,54;4,38;3,13;3,26;2,17;15,83;5,00;9,00;3,46;4,17;3,04;2,88;3,34;..;..;..;..;3,17;3,83;3,55;3,21;3,46;3,17;3,17
2004M10;;3,25;3,21;3,46;2,67;4,79;2,79;3,21;3,21;3,29;2,88;3,21;3,88;3,63;4,01;3,50;3,75;3,46;4,09;3,21;3,54;4,38;3,21;3,34;2,17;16,75;5,00;8,92;3,46;4,17;3,04;2,84;3,34;..;..;..;..;3,17;3,83;3,58;3,25;3,46;3,17;3,17
2004M11;;3,25;3,21;3,38;2,67;4,76;2,80;3,21;3,21;3,29;2,88;3,21;3,88;3,63;4,04;3,50;3,75;3,46;4,05;3,21;3,55;4,38;3,13;3,42;2,17;14,63;5,00;8,88;3,46;4,17;3,04;2,88;3,13;..;..;..;..;3,17;3,83;3,55;3,25;3,46;3,17;3,21
2004M12;;3,25;3,21;3,34;2,67;4,71;2,84;3,21;3,21;3,30;2,88;3,17;3,88;3,63;4,04;3,54;3,75;3,46;4,04;3,21;3,55;4,38;3,08;3,38;2,17;12,80;5,00;8,80;3,46;4,17;3,05;2,96;2,96;..;..;..;..;3,17;3,83;3,55;3,25;3,46;3,17;3,21
2005M01;;3,25;3,21;3,46;2,79;4,00;2,63;3,21;3,21;3,30;2,92;3,21;3,84;3,59;4,01;3,50;3,75;3,50;3,96;3,21;3,55;4,42;3,09;3,42;2,21;16,30;5,00;8,71;3,46;4,21;3,04;2,96;3,13;..;..;..;..;3,17;3,83;3,59;3,21;3,46;3,21;3,25
2005M02;;3,29;3,17;3,42;2,79;4,25;2,55;3,29;3,29;3,30;2,92;3,21;3,88;3,63;4,04;3,50;3,79;3,50;3,92;3,21;3,58;4,42;3,13;3,46;2,21;12,63;5,00;8,63;3,42;4,25;3,05;2,96;3,42;..;..;..;..;3,21;3,83;3,59;3,21;3,46;3,21;3,25
2005M03;;3,33;3,21;3,38;2,79;4,67;2,71;3,29;3,29;3,30;2,92;3,25;3,92;3,63;4,05;3,50;3,76;3,50;3,92;3,21;3,58;4,42;3,17;3,46;2,21;13,05;5,00;8,58;3,42;4,21;3,05;2,92;3,25;..;..;..;..;3,21;3,83;3,59;3,21;3,46;3,21;3,21
2005M04;;3,29;3,21;3,38;2,79;4,79;2,88;3,29;3,29;3,30;2,92;3,30;3,92;3,63;4,09;3,54;3,76;3,50;3,84;3,38;3,58;4,42;3,25;3,42;2,21;12,63;5,00;8,59;3,42;4,21;3,05;2,92;3,25;..;..;..;..;3,21;3,83;3,59;3,25;3,59;3,25;3,21
2005M05;;3,29;3,25;3,30;2,79;4,76;2,92;3,29;3,29;3,30;2,92;3,29;3,88;3,63;4,09;3,54;3,79;3,51;3,83;3,38;3,59;4,46;3,21;3,42;2,21;15,13;5,00;8,50;3,46;4,25;3,05;2,92;3,08;..;..;..;..;3,21;3,92;3,63;3,25;3,59;3,25;3,21
2005M06;;3,30;3,29;3,38;2,79;4,67;2,92;3,29;3,29;3,30;2,92;3,33;3,88;3,63;4,08;3,54;3,76;3,54;3,92;3,38;3,59;4,46;3,25;3,42;2,21;13,25;5,00;8,50;3,46;4,21;3,05;2,88;3,17;..;..;..;..;3,21;3,92;3,63;3,25;3,59;3,25;3,21
2005M07;;3,30;3,30;3,42;2,79;4,04;2,71;3,29;3,29;3,30;2,92;3,34;3,88;3,59;4,05;3,55;3,75;3,54;4,00;3,38;3,59;4,42;3,33;3,46;2,21;12,17;5,00;8,42;3,46;4,17;3,08;2,84;3,83;..;..;..;..;3,21;3,92;3,63;3,25;3,59;3,25;3,21
2005M08;;3,33;3,29;3,38;2,79;4,17;2,75;3,29;3,29;3,30;2,92;3,38;3,88;3,59;4,08;3,54;3,76;3,54;4,05;3,38;3,59;4,46;3,34;3,38;2,21;10,63;5,00;8,34;3,46;4,17;3,08;2,96;3,13;..;..;..;..;3,21;3,92;3,63;3,25;3,59;3,25;3,21
2005M09;;3,29;3,34;3,38;2,79;4,67;2,83;3,29;3,29;3,33;2,92;3,42;3,92;3,59;4,08;3,55;3,79;3,54;4,08;3,38;3,59;4,46;3,42;3,42;2,21;9,63;5,00;8,25;3,46;4,17;3,09;2,92;3,25;..;..;..;..;3,21;3,92;3,63;3,25;3,59;3,25;3,21
2005M10;;3,29;3,33;3,34;2,79;4,71;2,96;3,29;3,29;3,33;2,92;3,46;3,92;3,63;4,05;3,58;3,79;3,54;4,08;3,34;3,59;4,46;3,38;3,38;2,21;10,21;5,00;8,17;3,46;4,17;3,09;2,88;3,33;..;..;..;..;3,25;3,92;3,63;3,25;3,59;3,25;3,21
2005M11;;3,25;3,34;3,38;2,79;4,67;2,96;3,29;3,29;3,34;2,92;3,42;3,92;3,63;4,05;3,59;3,79;3,54;4,05;3,34;3,63;4,46;3,30;3,38;2,21;9,38;5,00;8,17;3,46;4,17;3,09;2,92;3,25;..;..;..;..;3,25;3,92;3,63;3,25;3,59;3,25;3,25
2005M12;;3,29;3,34;3,42;2,79;4,67;2,96;3,29;3,29;3,38;2,92;3,42;3,92;3,59;4,05;3,58;3,76;3,54;4,00;3,34;3,63;4,46;3,29;3,38;2,21;9,17;5,00;8,13;3,46;4,21;3,09;3,09;3,05;..;..;..;..;3,25;3,92;3,63;3,25;3,59;3,25;3,25
2006M01;;3,29;3,33;3,38;2,79;3,88;2,75;3,29;3,29;3,38;3,01;3,42;3,92;3,63;4,04;3,55;3,79;3,54;4,00;3,34;3,63;4,46;3,38;3,38;2,33;10,29;5,00;8,05;3,46;4,21;3,17;3,00;3,21;..;..;..;..;3,25;3,92;3,63;3,25;3,63;3,38;3,25
2006M02;;3,30;3,42;3,38;2,80;4,21;2,75;3,34;3,34;3,38;3,01;3,42;3,92;3,63;4,05;3,58;3,79;3,55;3,96;3,34;3,71;4,42;3,34;3,42;2,33;9,00;5,00;8,04;3,46;4,26;3,17;3,00;3,50;..;..;..;..;3,25;3,92;3,63;3,29;3,63;3,38;3,25
2006M03;;3,33;3,38;3,42;2,83;4,50;2,84;3,34;3,34;3,38;3,01;3,46;3,92;3,63;4,05;3,58;3,76;3,55;3,92;3,34;3,71;4,42;3,38;3,38;2,33;8,59;4,92;8,00;3,46;4,25;3,17;2,96;3,34;..;..;..;..;3,25;3,92;3,67;3,29;3,63;3,38;3,25
2006M04;;3,33;3,42;3,34;2,83;4,59;3,00;3,34;3,34;3,38;3,01;3,50;3,92;3,67;4,08;3,58;3,75;3,55;3,88;3,42;3,71;4,42;3,42;3,42;2,33;8,80;4,92;7,92;3,46;4,25;3,21;3,00;3,58;..;..;..;..;3,29;3,92;3,67;3,30;3,63;3,38;3,17
2006M05;;3,34;3,38;3,38;2,83;4,58;3,00;3,34;3,34;3,38;3,01;3,50;3,92;3,67;4,09;3,55;3,76;3,55;3,88;3,42;3,75;4,42;3,46;3,42;2,33;8,13;4,92;7,92;3,55;4,25;3,21;3,04;3,46;..;..;..;..;3,29;4,04;3,67;3,33;3,50;3,38;3,17
2006M06;;3,38;3,46;3,42;2,83;4,46;3,00;3,34;3,34;3,42;3,01;3,54;3,92;3,71;4,09;3,59;3,79;3,58;3,84;3,42;3,75;4,46;3,46;3,42;2,33;8,84;4,88;7,92;3,55;4,25;3,21;3,05;3,59;..;..;..;..;3,29;4,04;3,67;3,33;3,50;3,38;3,17
2006M07;;3,38;3,50;3,46;2,83;3,88;2,80;3,34;3,34;3,42;3,05;3,54;3,92;3,67;4,09;3,58;3,80;3,58;3,88;3,42;3,75;4,46;3,51;3,50;2,33;8,67;4,96;7,84;3,55;4,21;3,21;3,00;4,34;..;..;..;..;3,30;4,04;3,67;3,30;3,50;3,38;3,17
2006M08;;3,42;3,50;3,38;2,83;4,09;2,75;3,34;3,34;3,42;3,05;3,55;3,92;3,67;4,09;3,59;3,79;3,58;3,88;3,42;3,75;4,46;3,51;3,50;2,33;8,09;4,96;7,80;3,55;4,17;3,21;3,00;3,59;..;..;..;..;3,30;4,04;3,67;3,38;3,50;3,38;3,17
2006M09;;3,42;3,50;3,42;2,83;4,51;3,00;3,34;3,34;3,46;3,05;3,54;3,92;3,71;4,13;3,55;3,79;3,58;4,00;3,42;3,75;4,46;3,38;3,50;2,33;8,17;4,92;7,71;3,55;4,17;3,21;3,13;3,71;..;..;..;..;3,30;4,04;3,67;3,38;3,50;3,38;3,17
2006M10;;3,38;3,51;3,42;2,83;4,58;3,09;3,34;3,34;3,46;3,05;3,54;3,96;3,71;4,13;3,58;3,79;3,59;4,01;3,46;3,75;4,46;3,33;3,50;2,33;7,34;5,04;7,67;3,55;4,13;3,21;3,05;3,59;..;..;..;..;3,33;4,04;3,71;3,38;3,50;3,38;3,17
2006M11;;3,42;3,55;3,42;2,83;4,50;3,09;3,34;3,34;3,46;3,05;3,50;3,92;3,67;4,13;3,55;3,80;3,59;4,01;3,46;3,75;4,46;3,34;3,50;2,33;6,67;5,04;7,59;3,55;4,13;3,21;3,05;3,42;..;..;..;..;3,33;4,05;3,67;3,38;3,50;3,38;3,17
2006M12;;3,42;3,55;3,42;2,83;4,54;3,09;3,34;3,34;3,50;3,05;3,50;3,92;3,63;4,17;3,59;3,79;3,59;3,96;3,46;3,75;4,46;3,34;3,50;2,33;5,75;5,00;7,50;3,55;4,17;3,21;3,13;3,21;..;..;..;..;3,34;4,05;3,71;3,38;3,50;3,38;3,17
2007M01;;3,46;3,55;3,46;2,83;3,71;2,88;3,34;3,34;3,50;3,29;3,54;3,92;3,63;4,13;3,59;3,79;3,63;3,96;3,46;3,75;4,46;3,34;3,50;2,38;6,92;4,96;7,38;3,55;4,17;3,26;3,17;3,38;..;..;..;..;3,34;4,05;3,71;3,38;3,54;3,46;3,17
2007M02;;3,46;3,50;3,46;2,84;4,04;2,88;3,42;3,42;3,50;3,29;3,54;3,92;3,67;4,13;3,63;3,79;3,67;3,92;3,46;3,84;4,46;3,38;3,59;2,38;7,09;4,96;7,30;3,55;4,25;3,30;3,13;3,67;..;..;..;..;3,34;4,05;3,71;3,38;3,54;3,46;3,17
2007M03;;3,46;3,59;3,50;2,84;4,46;2,96;3,42;3,42;3,51;3,29;3,54;3,92;3,67;4,13;3,67;3,79;3,67;3,88;3,46;3,84;4,46;3,42;3,55;2,38;5,96;5,00;7,21;3,55;4,25;3,30;3,13;3,54;..;..;..;..;3,34;4,05;3,75;3,42;3,42;3,46;3,17
2007M04;;3,50;3,54;3,50;2,84;4,51;3,09;3,42;3,42;3,54;3,29;3,46;3,96;3,75;4,17;3,67;3,80;3,67;3,92;3,54;3,84;4,46;3,50;3,50;2,38;6,33;5,00;7,17;3,55;4,25;3,30;3,13;3,51;..;..;..;..;3,34;4,05;3,76;3,42;3,42;3,46;3,17
2007M05;;3,50;3,67;3,42;2,88;4,50;3,13;3,42;3,42;3,54;3,29;3,46;3,96;3,67;4,17;3,63;3,79;3,63;3,88;3,54;3,84;4,42;3,55;3,59;2,38;5,67;4,96;7,08;3,59;4,25;3,30;3,17;3,42;..;..;..;..;3,38;4,21;3,79;3,46;3,42;3,46;3,17
2007M06;;3,46;3,63;3,46;2,88;4,42;3,17;3,42;3,42;3,59;3,29;3,46;3,96;3,67;4,17;3,63;3,80;3,67;3,84;3,54;3,84;4,42;3,54;3,59;2,38;5,55;5,00;7,04;3,59;4,25;3,30;3,17;3,54;..;..;..;..;3,38;4,21;3,76;3,46;3,42;3,46;3,17
2007M07;;3,46;3,63;3,46;2,88;3,71;3,04;3,42;3,42;3,59;3,30;3,50;3,96;3,67;4,13;3,71;3,80;3,67;3,84;3,54;3,84;4,38;3,55;3,67;2,38;7,63;5,00;7,04;3,59;4,25;3,30;3,17;4,29;..;..;..;..;3,38;4,21;3,79;3,46;3,42;3,42;3,09
2007M08;;3,46;3,67;3,42;2,88;3,92;2,96;3,42;3,42;3,59;3,30;3,50;3,96;3,67;4,17;3,67;3,80;3,67;3,84;3,54;3,84;4,38;3,50;3,67;2,38;8,59;5,00;7,04;3,59;4,21;3,33;3,13;3,75;..;..;..;..;3,38;4,21;3,79;3,46;3,42;3,42;3,09
2007M09;;3,50;3,67;3,42;2,88;4,30;3,00;3,42;3,42;3,63;3,30;3,50;3,96;3,71;4,17;3,67;3,83;3,67;3,84;3,54;3,84;4,38;3,54;3,67;2,38;8,13;4,96;6,96;3,59;4,21;3,34;3,13;3,71;..;..;..;..;3,38;4,21;3,79;3,46;3,42;3,42;3,09
2007M10;;3,55;3,71;3,46;2,88;4,38;3,21;3,42;3,42;3,63;3,30;3,50;3,96;3,71;4,17;3,67;3,84;3,67;3,79;3,54;3,84;4,38;3,50;3,63;2,38;7,58;5,00;6,96;3,59;4,25;3,34;3,21;3,80;..;..;..;..;3,42;4,21;3,80;3,46;3,42;3,34;3,00
2007M11;;3,67;3,75;3,50;2,88;4,34;3,21;3,42;3,42;3,63;3,30;3,55;3,96;3,67;4,17;3,67;3,88;3,71;3,79;3,54;3,84;4,38;3,63;3,67;2,38;7,54;4,96;6,92;3,59;4,25;3,34;3,25;3,67;..;..;..;..;3,42;4,17;3,80;3,50;3,42;3,34;3,01
2007M12;;3,67;3,75;3,50;2,88;4,34;3,17;3,42;3,42;3,67;3,30;3,55;3,96;3,67;4,17;3,67;3,88;3,71;3,83;3,54;3,84;4,38;3,55;3,67;2,38;7,50;4,96;6,88;3,59;4,29;3,34;3,29;3,63;..;..;..;..;3,42;4,17;3,80;3,50;3,42;3,34;3,01
2008M01;;3,71;3,80;3,59;2,88;3,67;2,92;3,42;3,42;3,67;3,50;3,71;3,96;3,67;4,13;3,67;3,88;3,71;3,79;3,54;3,84;4,38;3,63;3,67;2,71;7,05;5,04;6,83;3,59;4,29;3,38;3,25;3,63;..;..;..;..;3,46;4,17;3,84;3,46;3,50;3,46;3,01
2008M02;;3,71;3,80;3,58;2,88;4,13;3,00;3,50;3,50;3,67;3,50;3,71;3,96;3,67;4,17;3,67;3,84;3,75;3,75;3,54;3,88;4,38;3,63;3,75;2,71;6,17;5,00;6,71;3,59;4,29;3,38;3,25;4,38;..;..;..;..;3,46;4,17;3,84;3,54;3,50;3,46;3,01
2008M03;;3,71;3,80;3,63;2,92;4,38;3,00;3,50;3,50;3,71;3,50;3,75;4,00;3,67;4,17;3,71;3,84;3,75;3,75;3,54;3,88;4,34;3,67;3,75;2,71;6,00;5,00;6,67;3,59;4,29;3,38;3,30;3,88;..;..;..;..;3,50;4,17;3,84;3,54;3,58;3,46;3,01
2008M04;;3,75;3,88;3,67;2,92;4,38;3,09;3,50;3,50;3,71;3,50;3,75;4,00;3,75;4,17;3,71;3,88;3,79;3,75;3,63;3,88;4,34;3,67;3,75;2,71;6,51;4,96;6,59;3,59;4,33;3,38;3,29;3,76;..;..;..;..;3,50;4,17;3,88;3,59;3,58;3,50;3,01
2008M05;;3,79;3,88;3,67;2,92;4,34;3,21;3,50;3,50;3,71;3,50;3,75;4,00;3,75;4,21;3,79;3,88;3,79;3,71;3,63;3,88;4,38;3,76;3,75;2,71;5,80;4,96;6,55;3,71;4,34;3,42;3,29;3,59;..;..;..;..;3,54;4,30;3,88;3,59;3,58;3,50;3,04
2008M06;;3,80;3,88;3,71;2,92;4,29;3,21;3,50;3,50;3,71;3,50;3,80;4,00;3,75;4,21;3,79;3,88;3,80;3,71;3,63;3,88;4,38;3,84;3,75;2,71;5,84;4,96;6,50;3,71;4,33;3,42;3,30;3,63;..;..;..;..;3,55;4,30;3,88;3,59;3,58;3,50;3,04
2008M07;;3,83;3,96;3,71;2,92;3,51;2,88;3,58;3,50;3,71;3,54;3,84;4,00;3,71;4,17;3,80;3,88;3,79;3,71;3,63;3,88;4,38;3,88;3,88;2,71;5,34;5,05;6,42;3,71;4,29;3,42;3,21;4,13;..;..;..;..;3,55;4,30;3,88;3,59;3,58;3,50;3,05
2008M08;;3,83;3,96;3,71;2,92;4,04;2,92;3,58;3,50;3,71;3,54;3,79;4,00;3,75;4,21;3,80;3,88;3,84;3,67;3,63;3,96;4,38;3,79;3,83;2,71;5,21;5,00;6,38;3,71;4,29;3,42;3,25;3,71;..;..;..;..;3,58;4,29;3,88;3,67;3,58;3,50;3,05
2008M09;;3,80;4,00;3,75;2,92;4,42;3,09;3,50;3,50;3,71;3,54;3,79;4,05;3,75;4,25;3,83;3,88;3,83;3,83;3,63;3,96;4,38;3,80;3,83;2,71;5,21;5,00;6,33;3,71;4,34;3,46;3,26;3,67;..;..;..;..;3,59;4,38;3,88;3,67;3,58;3,50;3,05
2008M10;;3,80;3,92;3,71;2,92;4,42;3,21;3,50;3,50;3,75;3,54;3,88;4,05;3,71;4,21;3,79;3,84;3,84;3,84;3,67;3,96;4,38;3,67;3,83;2,71;5,00;4,96;6,25;3,71;4,33;3,46;3,29;3,79;..;..;..;..;3,59;4,38;3,88;3,67;3,58;3,46;3,05
2008M11;;3,80;4,00;3,79;2,92;4,38;3,21;3,50;3,50;3,75;3,54;3,83;4,09;3,75;4,21;3,79;3,88;3,88;3,84;3,67;3,96;4,38;3,50;3,88;2,71;5,13;4,96;6,21;3,71;4,30;3,46;3,34;3,67;..;..;..;..;3,63;4,38;3,88;3,67;3,58;3,46;3,08
2008M12;;3,83;4,04;3,76;2,92;4,34;3,17;3,50;3,50;3,76;3,54;3,75;4,09;3,75;4,21;3,79;3,88;3,84;3,88;3,67;3,96;4,38;3,42;3,88;2,71;4,96;4,96;6,17;3,71;4,33;3,46;3,38;3,58;..;..;..;..;3,63;4,38;3,88;3,67;3,58;3,46;3,08
2009M01;;3,84;4,04;3,76;2,92;3,71;3,04;3,50;3,50;3,76;3,75;3,67;4,13;3,75;4,21;3,79;3,92;3,84;3,88;3,67;3,96;4,34;3,42;3,92;2,75;4,96;4,96;6,09;3,71;4,38;3,50;3,29;3,75;3,13;3,42;3,34;3,34;3,63;4,38;3,88;3,67;3,63;3,59;3,09
2009M02;;3,84;3,92;3,80;2,96;3,92;3,00;3,59;3,59;3,79;3,75;3,71;4,09;3,75;4,21;3,84;3,96;3,88;3,84;3,67;4,00;4,34;3,50;3,92;2,75;4,17;4,88;6,08;3,67;4,42;3,51;3,38;4,55;3,13;3,42;3,34;3,34;3,63;4,17;3,88;3,67;3,63;3,59;3,09
2009M03;;3,80;3,96;3,83;2,96;4,34;3,21;3,59;3,59;3,76;3,75;3,71;4,13;3,75;4,25;3,96;3,96;3,92;3,84;3,67;4,00;4,34;3,51;3,88;2,75;3,84;4,92;6,00;3,67;4,38;3,51;3,29;4,00;3,13;3,42;3,34;3,34;3,63;4,17;3,92;3,67;3,79;3,59;3,09
2009M04;;3,80;3,88;3,80;2,96;4,38;3,21;3,63;3,59;3,76;3,75;3,63;4,00;3,71;4,25;4,00;3,92;3,88;3,88;3,71;4,00;4,34;3,58;3,84;2,75;3,58;4,88;5,92;3,67;4,38;3,54;3,25;4,00;3,13;3,42;3,34;3,34;3,63;4,17;3,96;3,67;3,79;3,63;3,09
2009M05;;3,79;3,92;3,84;2,96;4,38;3,42;3,63;3,59;3,75;3,75;3,67;4,21;3,79;4,26;4,04;3,96;3,92;3,88;3,71;4,00;4,34;3,63;3,76;2,75;3,42;4,88;5,92;3,71;4,42;3,54;3,25;3,96;3,13;3,42;3,34;3,34;3,63;4,17;3,96;3,71;3,79;3,63;3,13
2009M06;;3,80;3,88;3,83;2,96;4,30;3,42;3,63;3,59;3,76;3,75;3,67;4,25;3,83;4,34;4,04;3,92;3,92;3,88;3,71;4,00;4,34;3,71;3,76;2,75;3,50;4,84;5,88;3,71;4,38;3,54;3,38;4,00;3,13;3,50;3,34;3,34;3,63;4,17;3,92;3,71;3,79;3,63;3,13
2009M07;;3,80;3,92;3,83;2,96;3,71;3,25;3,71;3,59;3,75;3,76;3,67;4,09;3,79;4,34;4,04;3,92;3,92;3,88;3,71;4,00;4,34;3,67;3,88;2,75;4,34;4,88;5,84;3,71;4,38;3,55;3,33;4,55;3,13;3,50;3,34;3,34;3,63;4,17;3,92;3,67;3,79;3,59;3,13
2009M08;;3,79;3,88;3,79;2,96;4,00;3,21;3,71;3,59;3,75;3,76;3,67;4,17;3,80;4,34;4,04;3,92;3,92;3,88;3,71;3,92;4,34;3,75;3,84;2,75;4,08;4,92;5,80;3,71;4,34;3,55;3,30;4,13;3,13;3,59;3,34;3,34;3,63;4,17;3,96;3,71;3,79;3,59;3,13
2009M09;;3,75;3,92;3,79;2,96;4,42;3,33;3,63;3,59;3,83;3,76;3,67;4,13;3,75;4,38;4,00;3,92;3,92;4,00;3,71;3,92;4,34;3,71;3,80;2,75;4,05;4,96;5,79;3,71;4,34;3,58;3,42;4,09;3,13;3,59;3,42;3,42;3,63;4,17;3,92;3,71;3,79;3,59;3,13
2009M10;;3,71;3,88;3,80;2,96;4,42;3,42;3,59;3,59;3,83;3,76;3,67;4,13;3,75;4,38;4,05;3,92;3,92;4,00;3,75;3,92;4,34;3,67;3,80;2,75;3,71;4,92;5,75;3,71;4,34;3,58;3,54;4,13;3,25;3,59;3,42;3,42;3,63;4,17;3,92;3,71;3,79;3,59;3,13
2009M11;;3,71;3,96;3,75;2,96;4,38;3,50;3,59;3,59;3,84;3,76;3,71;4,13;3,79;4,42;3,96;3,96;3,92;4,04;3,75;3,92;4,34;3,71;3,79;2,75;3,67;4,92;5,75;3,71;4,34;3,59;3,38;4,00;3,25;3,59;3,42;3,42;3,67;4,13;3,92;3,71;3,79;3,59;3,17
2009M12;;3,71;3,92;3,79;2,96;4,30;3,50;3,59;3,59;3,84;3,76;3,71;4,09;3,75;4,38;3,96;3,96;3,92;4,04;3,75;3,92;4,33;3,71;3,79;2,75;3,92;4,92;5,67;3,71;4,34;3,59;3,46;3,88;3,25;3,59;3,42;3,42;3,67;4,13;3,96;3,71;3,79;3,59;3,17
2010M01;;3,75;3,92;3,76;3,26;3,83;3,26;3,59;3,59;3,88;3,84;3,79;3,96;3,71;4,34;4,00;3,96;3,92;4,00;3,75;3,92;4,34;3,80;3,84;2,75;3,17;4,84;5,63;3,71;4,33;3,63;3,46;3,80;3,25;3,59;3,42;3,42;3,67;4,13;3,96;3,59;3,84;3,79;3,25
2010M02;;3,75;3,96;3,79;3,26;4,04;3,25;3,71;3,71;3,88;3,84;3,88;4,13;3,76;4,38;4,04;3,96;3,92;4,01;3,75;3,96;4,34;3,80;3,92;2,75;4,00;4,83;5,63;3,71;4,34;3,63;3,42;4,25;3,25;3,59;3,42;3,42;3,67;4,13;3,96;3,63;3,84;3,79;3,25
2010M03;;3,76;4,00;3,80;3,26;4,38;3,21;3,71;3,71;3,88;3,84;3,92;4,13;3,75;4,42;4,04;3,96;3,92;4,00;3,75;3,96;4,34;3,88;3,88;2,75;3,75;4,76;5,63;3,71;4,30;3,63;3,42;4,13;3,25;3,59;3,42;3,42;3,67;4,13;4,00;3,63;3,84;3,79;3,25
2010M04;;3,76;4,04;3,80;3,26;4,42;3,30;3,71;3,71;3,84;3,84;3,96;4,09;3,71;4,38;4,04;4,00;3,92;4,00;3,76;3,96;4,34;3,92;3,88;2,75;3,71;4,79;5,63;3,71;4,33;3,67;3,38;4,00;3,25;3,59;3,42;3,42;3,67;4,13;3,96;3,67;3,96;3,79;3,25
2010M05;;3,75;4,00;3,80;3,26;4,38;3,34;3,71;3,71;3,76;3,84;3,96;4,05;3,79;4,38;4,04;4,00;3,92;4,00;3,76;3,96;4,30;3,92;3,75;2,75;3,38;4,75;5,63;3,71;4,38;3,67;3,25;4,25;3,25;3,59;3,42;3,42;3,71;4,25;4,00;3,71;3,96;3,79;3,25
2010M06;;3,75;4,00;3,80;3,26;4,21;3,30;3,71;3,71;3,76;3,84;3,96;4,09;3,80;4,38;4,01;4,00;3,92;4,00;3,76;3,96;4,30;3,92;3,79;2,75;3,17;4,75;5,63;3,71;4,30;3,63;3,38;4,21;3,25;3,67;3,42;3,42;3,71;4,25;4,00;3,71;3,96;3,79;3,25
2010M07;;3,80;4,01;3,80;3,50;3,67;3,09;3,79;3,71;3,79;3,88;3,96;4,00;3,75;4,42;4,00;4,01;3,96;4,00;3,76;3,96;4,30;3,88;3,83;2,75;2,71;4,75;5,63;3,71;4,26;3,63;3,50;4,67;3,25;3,67;3,42;3,42;3,71;4,25;4,00;3,71;3,96;3,83;3,25
2010M08;;3,83;4,05;3,80;3,50;4,05;3,04;3,80;3,71;3,79;3,88;3,96;4,13;3,71;4,38;4,04;4,00;3,96;4,00;3,76;3,96;4,30;3,88;3,79;2,75;2,71;4,75;5,59;3,71;4,26;3,63;3,46;4,34;3,25;3,79;3,55;3,55;3,71;4,04;4,01;3,75;3,96;3,83;3,25
2010M09;;3,79;4,09;3,80;3,50;4,42;3,17;3,71;3,71;3,79;3,88;3,96;4,17;3,84;4,42;4,04;4,01;3,96;4,00;3,76;3,96;4,30;3,92;3,80;2,75;2,84;4,76;5,63;3,71;4,26;3,67;3,55;4,30;3,25;3,79;3,55;3,55;3,71;4,04;4,04;3,75;3,96;3,83;3,25
2010M10;;3,79;4,09;3,79;3,50;4,42;3,25;3,71;3,71;3,80;3,88;3,96;4,13;3,92;4,38;4,00;4,00;3,96;4,01;3,79;3,96;4,30;3,92;3,80;2,75;2,59;4,75;5,63;3,71;4,26;3,67;3,42;4,38;3,42;3,79;3,55;3,55;3,71;4,04;4,04;3,75;3,96;3,83;3,25
2010M11;;3,80;4,13;3,83;3,55;4,34;3,25;3,71;3,71;3,80;3,88;4,00;4,17;3,75;4,38;3,92;4,01;3,96;4,00;3,79;3,96;4,29;3,92;3,79;2,75;3,92;4,75;5,59;3,71;4,26;3,67;3,38;4,34;3,42;3,79;3,55;3,55;3,71;4,17;4,04;3,79;3,96;3,83;3,29
2010M12;;3,83;4,17;3,80;3,55;4,30;3,25;3,71;3,71;3,80;3,88;4,00;4,09;3,88;4,38;3,84;4,01;3,96;4,04;3,79;3,96;4,29;4,00;3,79;2,75;3,88;4,75;5,54;3,71;4,26;3,67;3,46;4,25;3,42;3,79;3,55;3,55;3,71;4,17;4,04;3,79;3,96;3,83;3,29
2011M01;;3,83;4,09;3,76;3,55;3,67;2,96;3,71;3,71;3,80;3,92;4,13;4,13;3,79;4,42;3,88;4,04;3,96;4,26;3,79;3,96;4,29;4,08;3,80;2,75;3,79;4,79;5,46;3,71;4,29;3,75;3,50;4,46;3,42;3,79;3,63;3,63;3,75;4,17;4,04;3,80;4,00;3,92;3,29
2011M02;;3,84;4,29;3,79;3,55;4,04;3,13;3,80;3,80;3,80;3,92;4,17;4,17;3,88;4,38;3,92;4,04;3,96;4,30;3,79;3,96;4,29;4,08;3,88;2,75;5,17;4,75;5,42;3,71;4,30;3,79;3,42;4,59;3,42;3,79;3,63;3,63;3,75;4,09;4,05;3,84;4,00;3,92;3,29
2011M03;;3,84;4,38;3,76;3,59;4,30;3,29;3,80;3,80;3,83;3,92;4,21;4,21;3,92;4,42;4,04;4,04;3,96;4,25;3,79;3,96;4,29;4,13;3,84;2,75;5,63;4,75;5,38;3,71;4,29;3,80;3,42;4,50;3,42;3,79;3,63;3,63;3,76;4,09;4,05;3,84;4,00;3,92;3,29
2011M04;;3,88;4,42;3,79;3,59;4,42;3,50;3,80;3,80;3,84;3,92;4,25;4,13;3,88;4,42;4,13;4,04;4,00;4,21;3,79;3,96;4,30;4,21;3,88;3,42;5,80;4,75;5,38;3,71;4,29;3,79;3,46;4,21;3,42;3,79;3,63;3,63;3,79;4,09;4,09;3,88;4,00;3,92;3,29
2011M05;;3,88;4,50;3,80;3,63;4,38;3,58;3,83;3,80;3,83;3,92;4,21;4,21;3,92;4,38;4,13;4,00;4,00;4,21;3,79;3,96;4,30;4,21;3,84;3,42;5,71;4,75;5,38;3,83;4,34;3,79;3,42;3,96;3,42;3,79;3,63;3,63;3,79;4,25;4,09;3,92;4,00;3,92;3,30
2011M06;;3,92;4,50;3,83;3,67;4,26;3,54;3,83;3,80;3,84;3,92;4,21;4,13;3,96;4,42;4,13;4,00;4,01;4,21;3,79;3,96;4,29;4,21;3,88;3,42;5,67;4,79;5,33;3,83;4,30;3,75;3,30;3,92;3,42;3,76;3,63;3,63;3,79;4,25;4,09;3,92;4,00;3,92;3,30
2011M07;;3,92;4,54;3,84;3,67;3,75;3,29;3,92;3,80;3,80;3,92;4,25;4,17;4,01;4,38;4,05;3,96;4,01;4,25;3,79;3,96;4,25;4,21;3,96;3,46;5,79;4,75;5,26;3,83;4,29;3,75;3,38;4,50;3,42;3,76;3,63;3,63;3,80;4,25;4,09;3,96;4,00;3,92;3,33
2011M08;;3,92;4,50;3,80;3,67;4,08;3,25;3,92;3,80;3,88;3,92;4,25;4,17;3,92;4,38;4,09;4,00;4,04;4,21;3,79;3,96;4,25;4,17;3,92;3,46;5,59;4,71;5,25;3,83;4,26;3,75;3,42;4,09;3,42;3,88;3,63;3,63;3,80;4,17;4,09;3,96;4,00;3,92;3,33
2011M09;;3,88;4,51;3,80;3,67;4,46;3,42;3,83;3,80;3,88;3,92;4,25;4,17;4,05;4,34;4,09;4,00;4,01;4,21;3,79;3,96;4,25;4,21;3,92;3,46;5,46;4,71;5,21;3,88;4,25;3,75;3,58;4,09;3,42;3,88;3,71;3,71;3,80;4,17;4,09;3,96;4,00;3,92;3,33
2011M10;;3,92;4,58;3,83;3,67;4,46;3,46;3,83;3,80;3,92;3,92;4,26;4,08;4,05;4,38;4,09;4,01;4,01;4,21;3,80;3,96;4,25;4,21;3,92;3,46;5,42;4,67;5,17;3,88;4,26;3,76;3,50;4,13;3,67;3,88;3,71;3,71;3,83;4,17;4,13;3,96;4,00;3,92;3,33
2011M11;;3,96;4,59;3,84;3,67;4,46;3,50;3,80;3,80;3,92;3,92;4,29;4,17;4,00;4,34;4,09;4,04;4,04;4,13;3,80;3,96;4,21;4,17;3,88;3,46;5,58;4,75;5,17;3,88;4,25;3,76;3,34;4,00;3,67;3,88;3,71;3,71;3,84;4,26;4,13;4,05;4,00;3,92;3,33
2011M12;;4,00;4,67;3,84;3,67;4,42;3,46;3,80;3,80;3,92;3,92;4,26;4,09;4,01;4,34;4,04;4,04;4,04;4,25;3,80;3,96;4,21;4,17;3,88;3,46;5,42;4,71;5,13;3,88;4,25;3,76;3,50;3,84;3,67;3,88;3,71;3,71;3,84;4,26;4,09;4,05;4,00;3,92;3,33
2012M01;;4,00;4,63;4,00;3,67;3,88;3,26;3,80;3,80;3,92;4,08;4,29;4,13;4,04;4,34;4,13;4,05;4,04;4,25;3,80;3,96;4,21;4,25;3,92;3,46;5,38;4,75;5,09;3,88;4,26;3,88;3,54;3,92;3,67;3,88;3,75;3,75;3,84;4,26;4,09;4,00;4,01;4,09;3,59
2012M02;;4,04;4,67;4,09;3,71;4,09;3,34;3,92;3,92;3,92;4,08;4,30;4,17;4,13;4,30;4,13;4,05;4,04;4,21;3,80;3,96;4,25;4,30;4,09;3,46;5,34;4,67;5,08;3,88;4,29;3,84;3,46;4,34;3,67;3,88;3,75;3,75;3,88;4,21;4,09;4,09;4,01;4,09;3,59
2012M03;;4,05;4,59;4,13;3,71;4,42;3,55;3,92;3,92;3,92;4,08;4,38;4,17;4,04;4,34;4,13;4,01;4,05;4,17;3,80;3,96;4,25;4,38;4,05;3,46;5,34;4,71;5,05;3,92;4,29;3,84;3,59;4,13;3,67;3,88;3,75;3,75;3,88;4,21;4,09;4,09;4,01;4,09;3,59
2012M04;;4,04;4,63;4,13;3,88;4,46;3,63;3,92;3,92;3,96;4,08;4,29;4,09;4,04;4,38;4,21;4,05;4,08;4,17;3,88;3,96;4,25;4,34;4,09;3,46;5,17;4,67;5,05;3,92;4,29;3,88;3,59;3,88;3,67;3,88;3,75;3,75;3,92;4,21;4,13;4,13;4,01;4,09;3,63
2012M05;;4,05;4,55;4,13;3,96;4,46;3,67;3,92;3,92;3,92;4,08;4,29;4,13;4,09;4,38;4,09;4,05;4,09;4,13;3,88;3,96;4,25;4,29;4,04;3,46;5,09;4,67;5,05;3,92;4,29;3,88;3,51;3,80;3,67;3,88;3,75;3,75;3,96;4,42;4,13;4,13;4,08;4,09;3,63
2012M06;;4,09;4,59;4,13;3,96;4,33;3,55;3,92;3,92;3,96;4,08;4,25;4,09;4,04;4,38;4,13;4,04;4,09;4,13;3,88;3,96;4,25;4,25;4,13;3,46;5,13;4,46;5,04;3,92;4,29;3,88;3,63;3,84;3,67;3,88;3,75;3,75;3,96;4,42;4,13;4,13;4,08;4,09;3,63
2012M07;;4,09;4,59;4,13;3,96;3,84;3,38;4,00;3,92;3,96;4,09;4,29;4,09;4,00;4,30;4,17;4,09;4,08;4,17;3,88;3,96;4,25;4,33;4,25;3,46;5,13;4,38;5,04;3,92;4,29;3,88;3,46;4,34;3,67;3,88;3,75;3,75;3,96;4,42;4,13;4,09;4,08;4,09;3,63
2012M08;;4,13;4,55;4,13;3,96;4,00;3,38;4,00;3,92;3,96;4,09;4,33;4,25;4,13;4,30;4,21;4,09;4,09;4,13;3,88;3,96;4,25;4,38;4,13;3,46;5,09;4,38;4,96;3,92;4,30;3,88;3,63;3,96;3,67;3,96;3,75;3,75;3,96;4,34;4,13;4,13;4,08;4,09;3,63
2012M09;;4,08;4,58;4,09;4,00;4,46;3,67;3,92;3,92;4,00;4,09;4,33;4,21;4,05;4,30;4,17;4,09;4,09;4,13;3,88;3,96;4,21;4,38;4,17;3,46;5,17;4,38;5,00;3,92;4,29;3,88;3,71;3,92;3,67;3,96;3,80;3,80;3,96;4,34;4,13;4,13;4,08;4,09;3,63
2012M10;;4,09;4,50;4,13;4,00;4,46;3,71;3,92;3,92;4,00;4,09;4,33;4,21;4,08;4,33;4,17;4,09;4,09;4,13;3,88;3,96;4,17;4,34;4,17;3,46;5,13;4,38;4,96;3,92;4,26;3,88;3,71;3,92;3,79;3,96;3,80;3,80;3,96;4,34;4,17;4,13;4,08;4,05;3,63
2012M11;;4,13;4,55;4,13;4,00;4,46;3,71;3,92;3,92;4,00;4,09;4,30;4,21;4,09;4,29;4,13;4,13;4,09;4,13;3,88;3,96;4,17;4,26;4,13;3,46;5,00;4,38;4,88;3,92;4,26;3,88;3,67;3,80;3,79;3,96;3,80;3,80;4,00;4,38;4,17;4,13;4,08;4,05;3,63
2012M12;;4,13;4,54;4,13;4,00;4,34;3,67;3,92;3,92;4,04;4,09;4,26;4,21;4,17;4,29;4,05;4,13;4,09;4,13;3,88;3,96;4,17;4,21;4,09;3,46;4,92;4,33;4,84;3,88;4,29;3,88;3,71;3,71;3,79;3,96;3,80;3,80;4,00;4,38;4,13;4,13;4,08;4,05;3,63
2013M01;;4,13;4,54;4,13;4,00;3,75;3,29;3,92;3,92;4,01;4,17;4,38;4,13;4,09;4,25;4,13;4,13;4,09;4,13;3,88;3,96;4,21;4,26;4,17;3,50;4,96;4,34;4,76;3,88;4,25;4,00;3,79;3,96;3,79;3,96;3,88;3,88;4,00;4,38;4,13;4,05;4,09;3,88;3,63
2013M02;;4,09;4,58;4,17;3,96;4,05;3,46;4,00;4,00;4,04;4,17;4,42;4,08;4,09;4,21;4,25;4,13;4,09;4,13;3,88;3,96;4,17;4,33;4,21;3,50;4,92;4,34;4,71;3,88;4,29;4,00;3,80;4,67;3,79;3,96;3,88;3,88;4,01;4,17;4,13;4,08;4,09;3,88;3,63
2013M03;;4,13;4,54;4,21;4,00;4,42;3,71;4,00;4,00;4,05;4,17;4,42;4,21;4,17;4,26;4,13;4,13;4,09;4,13;3,88;3,96;4,17;4,29;4,21;3,50;4,88;4,34;4,75;4,00;4,25;4,00;3,67;4,09;3,79;3,96;3,88;3,88;4,00;4,17;4,13;4,08;4,09;3,88;3,63
2013M04;;4,09;4,46;4,21;4,01;4,46;3,79;4,00;4,00;4,04;4,17;4,38;4,00;4,17;4,21;4,13;4,13;4,13;4,13;3,92;3,96;4,21;4,21;4,17;3,50;4,88;4,46;4,75;4,00;4,26;4,01;3,67;4,04;3,79;3,96;3,88;3,88;4,01;4,17;4,13;4,09;4,09;3,84;3,71
2013M05;;4,09;4,58;4,21;4,01;4,38;3,80;4,00;4,00;4,04;4,17;4,34;4,21;4,21;4,25;4,21;4,13;4,13;4,17;3,92;3,96;4,21;4,25;4,13;3,50;4,80;4,46;4,71;4,00;4,29;4,04;3,71;3,96;3,79;3,96;3,88;3,88;4,04;4,34;4,13;4,09;4,09;3,84;3,71
2013M06;;4,13;4,55;4,21;4,04;4,21;3,75;4,00;4,00;4,05;4,17;4,34;4,08;4,17;4,25;4,21;4,09;4,13;4,13;3,92;3,96;4,21;4,25;4,13;3,50;4,96;4,42;4,75;4,00;4,29;4,01;3,71;4,04;3,79;3,96;3,88;3,88;4,04;4,34;4,13;4,09;4,21;3,84;3,71
2013M07;;4,13;4,30;4,21;4,04;3,88;3,54;4,08;4,00;4,04;4,17;4,30;4,13;4,13;4,21;4,17;4,13;4,13;4,13;3,96;3,96;4,17;4,29;4,21;3,50;4,80;4,42;4,71;4,00;4,25;3,92;3,50;4,46;3,79;3,96;3,88;3,88;4,04;4,34;4,13;4,13;4,21;3,84;3,75
2013M08;;4,13;4,38;4,21;4,04;4,13;3,58;4,05;4,00;4,04;4,17;4,30;4,17;4,13;4,30;4,21;4,13;4,13;4,08;4,00;3,96;4,17;4,29;4,13;3,50;4,75;4,42;4,67;4,00;4,21;3,92;3,46;4,09;3,79;4,09;3,88;3,88;4,05;4,09;4,13;4,13;4,21;3,84;3,75
2013M09;;4,13;4,38;4,21;4,04;4,42;3,75;4,00;4,00;4,05;4,17;4,34;4,17;4,13;4,29;4,21;4,13;4,13;4,04;4,00;4,13;4,17;4,29;4,08;3,50;4,67;4,42;4,59;4,00;4,21;3,96;3,46;4,09;3,79;4,09;3,96;3,96;4,05;4,09;4,13;4,13;4,21;3,84;3,80
2013M10;;4,09;4,38;4,17;4,04;4,46;3,84;4,00;4,00;4,05;4,17;4,38;4,09;4,13;4,29;4,21;4,13;4,13;4,08;4,05;4,13;4,17;4,25;4,13;3,50;4,71;4,42;4,54;4,05;4,21;4,00;3,50;4,17;3,96;4,09;3,96;3,96;4,08;4,21;4,13;4,21;4,21;3,84;3,88
2013M11;;4,09;4,34;4,21;4,04;4,42;3,84;4,00;4,00;4,01;4,17;4,38;4,17;4,21;4,25;4,04;4,13;4,09;4,13;4,05;4,13;4,17;4,21;4,00;3,50;4,67;4,42;4,50;4,08;4,21;4,00;3,50;4,05;3,96;4,09;3,96;3,96;4,09;4,13;4,13;4,21;4,21;3,84;3,88
2013M12;;4,09;4,29;4,21;4,04;4,38;3,84;4,00;4,00;4,04;4,17;4,38;4,09;4,09;4,21;4,04;4,09;4,13;4,17;4,05;4,13;4,17;4,21;4,00;3,50;4,59;4,42;4,46;4,08;4,21;4,00;3,63;3,92;3,96;4,09;3,96;3,96;4,09;4,17;4,13;4,17;4,21;3,84;3,88
2014M01;;4,09;4,25;4,17;4,13;4,00;3,54;4,00;4,00;4,04;4,17;4,42;4,08;4,09;4,17;4,17;4,13;4,13;4,13;4,05;4,13;4,13;4,21;3,96;3,84;4,46;4,46;4,42;4,08;4,17;4,09;3,71;3,96;3,96;4,09;3,96;3,96;4,09;3,96;4,13;4,13;4,25;4,04;3,88
2014M02;;4,09;4,17;4,21;4,13;4,09;3,55;4,08;4,09;4,04;4,17;4,42;4,05;4,05;4,25;4,17;4,13;4,13;4,17;4,05;4,13;4,13;4,25;4,08;3,84;4,46;4,46;4,42;4,08;4,17;4,09;3,63;4,50;3,96;4,09;3,96;3,96;4,09;3,92;4,13;4,13;4,25;4,04;3,88
2014M03;;4,09;4,09;4,17;4,13;4,38;3,88;4,08;4,09;4,05;4,17;4,42;4,13;4,09;4,21;4,17;4,09;4,13;4,17;4,05;4,13;4,13;4,25;4,04;3,84;4,46;4,38;4,38;4,09;4,21;4,09;3,71;4,05;3,96;4,09;3,96;3,96;4,09;4,05;4,13;4,13;4,21;4,04;3,88
2014M04;;4,08;4,13;4,13;4,13;4,42;4,04;4,08;4,09;4,05;4,17;4,42;4,04;4,09;4,21;4,17;4,17;4,13;4,17;4,05;4,13;4,13;4,25;4,08;3,84;4,38;4,38;4,38;4,09;4,17;4,13;3,71;4,08;3,96;4,09;3,96;3,96;4,09;4,09;4,13;4,17;4,21;4,05;3,88
2014M05;;4,09;4,21;4,13;4,13;4,34;4,05;4,08;4,09;4,04;4,17;4,42;4,09;4,13;4,21;4,17;4,17;4,13;4,17;4,05;4,13;4,13;4,25;3,96;3,84;4,30;4,38;4,38;4,09;4,21;4,09;3,79;3,92;3,96;4,09;3,96;3,96;4,09;4,38;4,13;4,13;4,21;4,05;3,88
2014M06;;4,13;4,21;4,21;4,13;4,25;3,96;4,09;4,09;4,08;4,17;4,42;3,92;4,05;4,13;4,09;4,17;4,13;4,13;4,05;4,13;4,17;4,29;4,13;3,84;4,30;4,38;4,33;4,09;4,21;4,09;3,54;3,96;3,96;4,09;3,96;3,96;4,09;4,54;4,13;4,13;4,21;4,05;3,88
2014M07;;4,13;4,17;4,17;4,13;3,79;3,71;4,13;4,09;4,09;4,17;4,38;4,04;4,13;4,17;4,08;4,17;4,13;4,17;4,05;4,13;4,17;4,30;4,21;3,84;4,30;4,34;4,34;4,09;4,17;4,13;3,67;4,46;3,96;4,09;3,96;3,96;4,09;4,17;4,13;4,13;4,21;4,08;3,92
2014M08;;4,09;4,29;4,13;4,13;3,92;3,79;4,13;4,09;4,09;4,17;4,38;4,13;4,13;4,17;4,09;4,17;4,17;4,17;4,05;4,17;4,17;4,29;4,13;3,84;4,29;4,34;4,34;4,09;4,17;4,09;3,58;4,05;3,96;4,13;3,96;3,96;4,13;4,21;4,13;4,09;4,09;4,08;3,92
2014M09;;4,09;4,17;4,09;4,13;4,30;4,00;4,08;4,09;4,13;4,17;4,34;4,13;4,13;4,17;4,13;4,13;4,13;4,13;4,05;4,17;4,13;4,29;4,09;3,84;4,33;4,34;4,34;4,09;4,21;4,13;3,67;4,04;3,96;4,13;4,04;4,04;4,13;4,34;4,13;4,13;4,09;4,08;3,92
2014M10;;4,13;4,13;4,13;4,13;4,33;4,01;4,08;4,09;4,13;4,17;4,42;4,00;4,17;4,21;4,13;4,17;4,17;4,17;4,13;4,17;4,17;4,21;4,13;3,84;4,25;4,34;4,30;4,09;4,21;4,09;3,67;4,09;4,13;4,13;4,04;4,04;4,13;4,21;4,17;4,13;4,09;4,09;3,92
2014M11;;4,09;4,13;4,09;4,13;4,34;4,04;4,08;4,09;4,13;4,17;4,42;4,05;4,13;4,17;4,09;4,13;4,13;4,21;4,13;4,17;4,13;4,21;4,05;3,84;4,09;4,34;4,21;4,09;4,21;4,09;3,75;3,92;4,13;4,13;4,04;4,04;4,13;4,13;4,13;4,17;4,09;4,09;3,92
2014M12;;4,09;4,17;4,13;4,13;4,25;3,96;4,05;4,09;4,13;4,17;4,38;4,13;4,13;4,13;4,09;4,13;4,17;4,17;4,13;4,17;4,17;4,05;4,05;3,84;3,96;4,30;4,17;4,09;4,17;4,09;4,09;4,05;4,13;4,13;4,04;4,04;4,13;4,09;4,13;4,17;4,09;4,09;3,92
2015M01;;4,13;4,13;4,13;4,13;3,84;3,71;4,05;4,09;4,13;4,13;4,21;4,00;4,05;4,08;4,17;4,13;4,17;4,13;4,13;4,17;4,17;4,00;4,01;4,17;4,04;4,26;4,13;4,09;4,21;4,17;4,17;4,00;4,13;4,13;4,13;4,13;4,13;4,00;4,17;4,13;4,17;4,13;4,05
2015M02;;4,09;4,21;4,13;4,17;4,04;3,84;4,13;4,17;4,13;4,13;4,21;4,13;4,13;4,13;4,25;4,17;4,17;4,17;4,13;4,17;4,17;4,13;4,13;4,17;4,09;4,25;4,17;4,13;4,17;4,17;3,84;4,67;4,13;4,13;4,13;4,13;4,17;3,75;4,13;4,13;4,17;4,13;4,05
2015M03;;4,13;4,17;4,17;4,17;4,34;4,21;4,13;4,17;4,09;4,13;4,21;4,25;4,13;4,17;4,17;4,13;4,13;4,21;4,13;4,17;4,17;4,17;4,04;4,17;4,13;4,25;4,21;4,17;4,21;4,17;4,04;4,13;4,13;4,13;4,13;4,13;4,17;4,13;4,17;4,13;4,17;4,13;4,05
2015M04;;4,13;4,25;4,17;4,17;4,34;4,30;4,17;4,17;4,13;4,13;4,17;4,04;4,13;4,17;4,17;4,09;4,17;4,21;4,17;4,17;4,17;4,21;4,13;4,17;4,13;4,25;4,21;4,17;4,21;4,17;4,17;4,05;4,13;4,13;4,13;4,13;4,17;4,09;4,13;4,17;4,17;4,13;4,05
2015M05;;4,17;4,17;4,13;4,17;4,29;4,29;4,17;4,17;4,17;4,13;4,17;4,13;4,17;4,13;4,17;4,13;4,17;4,21;4,17;4,17;4,17;4,25;4,17;4,17;4,17;4,21;4,25;4,17;4,21;4,13;4,21;3,92;4,13;4,13;4,13;4,13;4,17;4,17;4,13;4,13;4,17;4,13;4,05
2015M06;;4,21;4,09;4,17;4,17;4,17;4,25;4,17;4,17;4,13;4,13;4,17;4,13;4,13;4,13;4,21;4,13;4,17;4,17;4,17;4,17;4,17;4,26;4,21;4,17;4,17;4,09;4,21;4,17;4,13;4,13;4,09;4,04;4,13;4,13;4,13;4,13;4,17;4,13;4,13;4,13;4,17;4,13;4,05
2015M07;;4,17;4,17;4,17;4,17;3,84;4,09;4,21;4,17;4,13;4,17;4,17;4,21;4,25;4,17;4,08;4,13;4,17;4,13;4,17;4,13;4,17;4,26;4,33;4,17;4,21;4,09;4,21;4,17;4,13;4,17;3,88;4,46;4,13;4,13;4,13;4,13;4,13;4,01;4,17;4,13;4,17;4,17;4,21
2015M08;;4,17;4,21;4,13;4,17;3,92;4,09;4,21;4,17;4,13;4,17;4,13;4,17;4,08;4,21;4,21;4,17;4,13;4,13;4,17;4,13;4,13;4,17;4,21;4,17;4,21;4,09;4,13;4,17;4,13;4,13;4,05;4,09;4,13;4,21;4,13;4,13;4,13;4,25;4,17;4,17;4,17;4,17;4,21
2015M09;;4,17;4,17;4,17;4,17;4,21;4,25;4,17;4,17;4,17;4,17;4,13;4,25;4,13;4,17;4,17;4,21;4,17;4,13;4,17;4,13;4,13;4,13;4,21;4,17;4,25;4,08;4,13;4,17;4,13;4,13;4,21;4,08;4,13;4,21;4,21;4,21;4,13;4,46;4,17;4,17;4,17;4,17;4,21
2015M10;;4,17;4,17;4,13;4,17;4,29;4,29;4,17;4,17;4,21;4,17;4,09;4,17;4,13;4,17;4,17;4,17;4,17;4,13;4,17;4,17;4,13;4,09;4,25;4,17;4,17;4,08;4,05;4,17;4,13;4,13;4,34;4,17;4,25;4,21;4,21;4,21;4,13;4,30;4,13;4,17;4,17;4,17;4,26
2015M11;;4,13;4,08;4,17;4,17;4,29;4,25;4,13;4,17;4,21;4,17;4,08;4,09;4,25;4,17;4,08;4,17;4,13;4,09;4,17;4,17;4,13;4,09;4,09;4,17;4,17;4,09;4,05;4,17;4,13;4,17;4,30;4,04;4,25;4,21;4,21;4,21;4,17;4,21;4,17;4,17;4,17;4,17;4,29
2015M12;;4,17;4,00;4,13;4,17;4,25;4,25;4,13;4,17;4,21;4,17;4,05;4,25;4,25;4,13;4,00;4,17;4,17;4,09;4,17;4,17;4,13;4,04;4,05;4,17;4,09;4,09;4,05;4,17;4,13;4,17;4,50;4,17;4,25;4,21;4,21;4,21;4,17;4,29;4,13;4,17;4,17;4,17;4,29
2016M01;;4,13;4,00;4,17;4,17;3,79;3,96;4,13;4,17;4,17;4,21;4,09;4,13;4,05;4,17;4,13;4,21;4,13;4,05;4,17;4,13;4,13;4,00;4,05;6,38;4,04;4,09;4,04;4,17;4,17;4,17;4,51;4,09;4,25;4,21;4,21;4,25;4,17;4,05;4,17;4,09;4,25;4,26;4,29
2016M02;;4,17;4,01;4,13;4,17;3,88;4,04;4,21;4,21;4,21;4,21;4,09;4,26;4,17;4,13;4,13;4,25;4,17;4,04;4,17;4,13;4,13;3,96;4,17;6,38;4,00;4,13;3,96;4,21;4,13;4,21;4,38;4,63;4,25;4,21;4,21;4,25;4,17;4,13;4,13;4,09;4,25;4,26;4,29
2016M03;;4,13;4,00;4,13;4,17;4,09;4,25;4,21;4,21;4,21;4,21;4,05;4,17;4,29;4,17;4,13;4,21;4,17;4,05;4,17;4,13;4,09;4,04;4,04;6,38;3,96;4,05;3,96;4,21;4,17;4,21;4,38;4,25;4,25;4,21;4,21;4,25;4,21;4,21;4,17;4,09;4,25;4,26;4,29
2016M04;;4,13;4,01;4,17;4,17;4,13;4,34;4,21;4,21;4,21;4,21;4,05;4,05;4,13;4,17;4,25;4,21;4,13;4,04;4,17;4,13;4,09;4,08;4,09;6,38;3,84;4,05;3,96;4,25;4,21;4,21;4,46;4,21;4,25;4,21;4,21;4,25;4,21;4,42;4,08;4,08;4,25;4,26;4,30
2016M05;;4,17;4,05;4,17;4,17;4,09;4,42;4,21;4,21;4,21;4,21;4,05;4,13;4,30;4,21;4,25;4,17;4,17;4,04;4,17;4,13;4,09;4,09;4,08;6,38;3,84;4,05;3,92;4,25;4,21;4,25;4,29;3,96;4,25;4,21;4,21;4,25;4,21;4,75;4,13;4,09;4,25;4,26;4,30
2016M06;;4,21;4,00;4,13;4,17;4,01;4,38;4,21;4,21;4,21;4,21;4,09;4,13;4,09;4,21;4,21;4,21;4,13;4,09;4,17;4,13;4,09;4,13;4,09;6,38;3,80;4,05;3,88;4,25;4,17;4,26;4,46;4,13;4,25;4,21;4,21;4,25;4,21;4,92;4,09;4,09;4,25;4,26;4,30
2016M07;;4,21;3,96;4,17;4,17;3,71;4,21;4,21;4,21;4,21;4,21;4,01;4,17;4,25;4,17;4,21;4,17;4,17;4,09;4,17;4,04;4,09;4,09;4,33;7,59;3,80;3,59;3,88;4,25;4,21;4,26;4,46;4,59;4,25;4,21;4,21;4,25;4,21;6,42;4,09;4,00;4,25;4,25;4,33
2016M08;;4,21;4,04;4,21;4,17;3,92;4,29;4,21;4,21;4,25;4,21;4,00;4,09;4,21;4,09;4,13;4,17;4,13;4,13;4,17;4,04;4,09;4,08;4,17;7,59;3,80;3,55;3,92;4,25;4,17;4,29;4,26;4,17;4,25;4,30;4,30;4,29;4,21;5,54;4,13;4,00;4,21;4,25;4,33
2016M09;;4,17;4,00;4,17;4,17;4,04;4,38;4,21;4,21;4,25;4,21;4,00;4,05;4,09;4,08;4,21;4,13;4,17;4,09;4,17;4,04;4,09;4,13;4,13;7,59;3,75;3,55;3,84;4,25;4,21;4,29;4,46;4,21;4,25;4,30;4,30;4,29;4,21;4,63;4,13;4,00;4,21;4,25;4,33
2016M10;;4,17;4,00;4,13;4,17;4,05;4,42;4,21;4,21;4,25;4,21;4,04;4,13;4,29;4,13;4,17;4,09;4,17;4,13;4,25;4,09;4,09;4,13;4,09;7,59;3,71;3,55;3,80;4,25;4,25;4,29;4,42;4,38;4,42;4,30;4,30;4,29;4,21;4,50;4,09;4,05;4,21;4,25;4,34
2016M11;;4,21;3,96;4,17;4,17;4,08;4,42;4,21;4,21;4,25;4,21;4,09;4,13;4,17;4,17;4,05;4,17;4,17;4,13;4,25;4,09;4,09;4,09;3,92;7,59;3,79;3,55;3,76;4,25;4,25;4,29;4,63;4,04;4,42;4,30;4,30;4,29;4,21;4,17;4,13;4,05;4,21;4,25;4,33
2016M12;;4,21;4,00;4,13;4,17;4,05;4,46;4,21;4,21;4,21;4,21;4,13;4,13;4,21;4,13;3,96;4,17;4,17;4,08;4,25;4,09;4,09;4,17;3,96;7,59;3,75;3,55;3,71;4,25;4,21;4,29;4,75;3,80;4,42;4,30;4,30;4,29;4,21;4,17;4,09;4,05;4,21;4,25;4,33
2017M01;;4,21;4,13;4,21;4,17;3,67;4,13;4,21;4,21;4,21;4,34;4,05;4,05;3,96;4,09;3,92;4,17;4,09;4,08;4,25;4,09;4,05;4,25;3,92;7,55;3,67;3,58;3,76;4,25;4,21;4,38;4,75;4,08;4,42;4,30;4,38;4,34;4,21;4,09;4,04;4,05;4,30;4,26;4,38
2017M02;;4,26;4,13;4,17;4,17;3,79;4,21;4,29;4,30;4,21;4,34;4,09;4,17;3,96;4,13;4,13;4,17;4,13;4,08;4,25;4,09;4,05;4,25;4,09;7,55;3,75;3,55;3,76;4,25;4,25;4,42;4,38;4,42;4,42;4,30;4,38;4,34;4,21;4,09;4,00;4,08;4,30;4,26;4,38
2017M03;;4,25;4,04;4,17;4,17;4,04;4,42;4,29;4,30;4,17;4,34;4,13;4,13;4,17;4,21;4,00;4,17;4,13;4,09;4,25;4,09;4,05;4,21;4,00;7,55;3,75;3,55;3,84;4,26;4,21;4,38;4,34;4,17;4,42;4,30;4,38;4,34;4,21;4,13;4,08;4,08;4,30;4,26;4,38
2017M04;;4,25;4,04;4,17;4,17;4,05;4,51;4,29;4,30;4,17;4,34;4,04;4,13;3,96;4,17;4,04;4,17;4,13;4,13;4,26;4,09;4,05;4,26;4,13;7,55;3,71;3,54;3,80;4,30;4,21;4,38;4,38;4,38;4,42;4,30;4,38;4,34;4,25;4,63;4,09;4,04;4,30;4,25;4,46
2017M05;;4,25;4,13;4,17;4,17;4,04;4,59;4,29;4,30;4,21;4,34;4,00;4,05;4,09;4,17;4,13;4,08;4,13;4,09;4,26;4,09;4,05;4,21;4,17;7,55;3,67;3,55;3,75;4,30;4,21;4,38;4,50;4,09;4,42;4,30;4,38;4,34;4,26;4,79;4,08;4,04;4,30;4,25;4,46
2017M06;;4,29;4,17;4,17;4,17;3,96;4,50;4,29;4,30;4,21;4,34;4,00;4,00;3,92;4,09;4,25;4,08;4,13;4,05;4,26;4,09;4,04;4,17;4,21;7,55;3,71;3,54;3,71;4,29;4,21;4,42;4,42;4,29;4,42;4,30;4,38;4,34;4,29;4,88;4,05;4,04;4,30;4,25;4,46
2017M07;;4,38;4,21;4,21;4,17;3,63;4,34;4,29;4,30;4,21;4,34;4,00;4,05;4,00;4,09;4,13;4,13;4,13;4,05;4,26;4,09;4,05;4,17;4,54;7,55;3,67;3,54;3,67;4,29;4,21;4,42;4,42;5,13;4,42;4,30;4,38;4,34;4,29;6,96;4,04;3,88;4,30;4,25;4,63
2017M08;;4,34;4,17;4,25;4,17;3,79;4,38;4,29;4,30;4,21;4,34;4,00;4,08;3,88;4,04;4,13;4,13;4,13;4,05;4,26;4,09;4,04;4,17;4,42;7,55;3,67;3,54;3,59;4,29;4,17;4,42;4,55;4,51;4,42;4,46;4,42;4,38;4,29;6,59;4,05;3,88;4,33;4,25;4,63
2017M09;;4,34;4,17;4,21;4,17;4,04;4,46;4,29;4,30;4,25;4,34;4,01;4,05;3,92;4,05;4,09;4,17;4,17;4,05;4,26;4,09;4,04;4,25;4,38;7,55;3,63;3,51;3,63;4,29;4,17;4,42;4,67;4,46;4,42;4,46;4,42;4,38;4,30;4,71;4,05;3,88;4,33;4,25;4,63
2017M10;;4,33;4,13;4,25;4,17;4,08;4,46;4,29;4,30;4,25;4,34;4,09;4,09;4,17;4,04;4,04;4,21;4,17;4,08;4,38;4,09;4,00;4,21;4,42;7,55;3,59;3,51;3,58;4,25;4,17;4,42;4,67;4,50;4,54;4,46;4,42;4,38;4,30;4,67;4,05;3,92;4,33;4,25;4,63
2017M11;;4,34;4,13;4,21;4,17;4,08;4,46;4,29;4,30;4,25;4,34;4,08;4,09;4,09;4,04;3,92;4,21;4,17;4,05;4,38;4,09;4,00;4,25;4,17;7,55;3,59;3,50;3,46;4,33;4,17;4,42;4,50;4,21;4,54;4,46;4,42;4,38;4,30;4,30;4,05;3,92;4,33;4,25;4,63
2017M12;;4,30;4,08;4,13;4,17;4,00;4,46;4,29;4,30;4,21;4,34;4,04;4,04;4,17;3,92;3,88;4,21;4,17;4,04;4,38;4,09;4,00;4,29;4,17;7,55;3,59;3,50;3,46;4,33;4,17;4,46;4,80;4,05;4,54;4,46;4,42;4,38;4,30;4,25;4,04;3,92;4,33;4,25;4,63
2018M01;;4,29;4,25;4,25;4,17;3,63;4,13;4,29;4,30;4,25;4,34;4,08;3,96;4,00;3,96;3,92;4,21;4,17;3,96;4,38;4,09;4,00;4,26;4,08;7,88;3,58;3,50;3,46;4,33;4,21;4,46;4,75;4,13;4,54;4,46;4,50;4,42;4,30;4,25;3,96;3,80;4,38;4,33;4,63
2018M02;;4,30;4,21;4,30;4,17;3,79;4,21;4,34;4,34;4,25;4,34;4,05;4,05;3,92;3,96;4,00;4,21;4,17;4,01;4,38;4,09;4,00;4,25;4,34;7,88;3,55;3,51;3,51;4,34;4,21;4,50;4,50;4,59;4,54;4,46;4,50;4,42;4,33;4,21;4,00;3,79;4,38;4,33;4,63
2018M03;;4,25;4,17;4,21;4,17;4,01;4,58;4,34;4,34;4,25;4,34;4,08;4,01;4,08;3,92;4,05;4,21;4,13;4,05;4,38;4,09;4,00;4,25;4,21;7,88;3,50;3,46;3,46;4,34;4,17;4,50;4,63;4,34;4,54;4,46;4,50;4,42;4,30;4,30;4,00;3,79;4,38;4,33;4,63
2018M04;;4,29;4,17;4,29;4,17;4,08;4,84;4,34;4,34;4,25;4,34;4,09;4,01;4,09;3,96;4,00;4,25;4,13;4,08;4,38;4,09;4,00;4,30;4,25;7,88;3,46;3,50;3,46;4,38;4,17;4,50;4,63;4,38;4,54;4,46;4,50;4,42;4,33;4,42;4,08;3,88;4,38;4,34;4,67
2018M05;;4,29;4,13;4,25;4,21;4,00;4,83;4,34;4,34;4,29;4,34;4,13;4,05;4,13;3,96;4,04;4,25;4,09;4,09;4,38;4,09;4,01;4,42;4,21;7,88;3,50;3,46;3,46;4,38;4,17;4,50;4,71;3,96;4,54;4,46;4,50;4,42;4,34;5,09;4,01;3,88;4,38;4,34;4,67
2018M06;;4,29;4,17;4,25;4,21;3,84;4,67;4,34;4,34;4,29;4,34;4,13;4,00;4,04;3,92;4,05;4,25;4,05;4,08;4,38;4,09;4,04;4,42;4,25;7,88;3,55;3,50;3,42;4,38;4,13;4,50;4,75;4,21;4,54;4,46;4,50;4,42;4,34;5,34;4,00;3,88;4,38;4,34;4,67
2018M07;;4,33;4,17;4,30;4,21;3,58;4,42;4,34;4,34;4,29;4,34;4,04;4,04;3,96;3,92;3,96;4,25;4,09;4,08;4,38;4,09;4,00;4,42;4,67;7,88;3,46;3,50;3,42;4,38;4,13;4,54;4,67;5,46;4,54;4,46;4,50;4,42;4,34;7,21;3,96;3,80;4,38;4,34;4,67
2018M08;;4,29;4,13;4,29;4,21;3,71;4,42;4,34;4,34;4,29;4,34;4,08;4,05;4,00;3,92;4,01;4,21;4,09;4,08;4,38;4,09;4,00;4,42;4,50;7,88;3,42;3,50;3,38;4,38;4,08;4,54;4,67;4,75;4,54;4,63;4,50;4,50;4,33;6,92;3,92;3,79;4,38;4,34;4,67
2018M09;;4,30;4,09;4,29;4,21;3,96;4,55;4,34;4,34;4,30;4,34;4,09;4,00;4,09;3,92;4,04;4,13;4,05;4,05;4,38;4,09;3,96;4,42;4,38;7,88;3,42;3,46;3,38;4,42;4,13;4,54;4,83;4,59;4,54;4,63;4,50;4,50;4,34;4,84;4,00;3,79;4,38;4,34;4,67
2018M10;;4,29;4,13;4,25;4,21;4,00;4,63;4,34;4,34;4,30;4,34;4,17;4,08;4,21;3,92;4,00;4,21;4,09;4,04;4,46;4,08;3,96;4,46;4,63;7,88;3,30;3,50;3,42;4,42;4,13;4,55;4,71;4,67;4,67;4,63;4,50;4,50;4,34;4,83;3,96;3,75;4,38;4,34;4,63
2018M11;;4,30;4,13;4,29;4,21;3,96;4,63;4,34;4,34;4,33;4,34;4,17;4,05;4,17;3,88;3,84;4,21;4,09;4,09;4,46;4,08;4,00;4,38;4,38;7,88;3,21;3,46;3,42;4,50;4,09;4,55;4,71;4,42;4,67;4,63;4,50;4,50;4,34;4,46;3,96;3,75;4,38;4,34;4,63
2018M12;;4,30;4,04;4,21;4,21;3,96;4,63;4,34;4,34;4,30;4,34;4,17;4,00;4,13;3,92;3,79;4,21;4,09;4,05;4,46;4,08;3,96;4,33;4,30;7,88;3,25;3,46;3,38;4,50;4,17;4,55;4,80;4,38;4,67;4,63;4,50;4,50;4,38;4,46;3,88;3,75;4,38;4,34;4,63
2019M01;;4,34;4,17;4,38;4,21;3,63;4,34;4,34;4,34;4,30;4,46;4,17;4,05;4,08;3,92;3,96;4,21;4,08;4,05;4,42;4,09;4,00;4,30;4,21;8,54;3,25;3,51;3,38;4,50;4,34;4,63;4,80;4,42;4,67;4,63;4,50;4,59;4,38;4,09;3,92;3,80;4,46;4,38;4,63
2019M02;;4,34;4,25;4,38;4,21;3,71;4,38;4,38;4,38;4,30;4,46;4,21;4,05;4,17;3,84;3,88;4,21;4,09;4,05;4,42;4,09;4,00;4,34;4,50;8,54;3,26;3,50;3,30;4,50;4,34;4,63;4,75;4,75;4,67;4,63;4,50;4,59;4,38;3,96;3,96;3,79;4,46;4,38;4,63
2019M03;;4,34;4,21;4,34;4,25;3,84;4,46;4,38;4,38;4,34;4,46;4,13;4,05;4,21;3,80;3,96;4,21;4,17;4,13;4,42;4,09;4,00;4,38;4,33;8,54;3,21;3,50;3,25;4,50;4,34;4,63;4,75;4,63;4,67;4,63;4,50;4,59;4,38;4,17;4,00;3,79;4,46;4,38;4,63
2019M04;;4,30;4,17;4,25;4,25;3,88;4,54;4,38;4,38;4,34;4,46;4,17;4,09;4,21;3,84;4,04;4,17;4,17;4,13;4,42;4,09;4,00;4,46;4,63;8,54;3,25;3,50;3,25;4,50;4,34;4,63;4,80;4,59;4,67;4,63;4,50;4,59;4,42;4,42;3,96;3,88;4,46;4,38;4,63
2019M05;;4,34;4,17;4,29;4,25;3,88;4,50;4,38;4,38;4,34;4,46;4,09;4,13;4,13;3,84;4,00;4,09;4,17;4,13;4,46;4,09;4,00;4,50;4,46;8,54;3,25;3,50;3,26;4,50;4,34;4,63;4,92;4,08;4,67;4,63;4,50;4,59;4,42;4,88;3,96;3,84;4,46;4,38;4,63
2019M06;;4,38;4,17;4,30;4,29;3,63;4,38;4,38;4,38;4,34;4,46;4,05;3,96;4,09;3,88;3,79;4,13;4,17;4,08;4,46;4,09;4,00;4,42;4,63;8,54;3,17;3,50;3,21;4,46;4,34;4,63;4,96;4,29;4,67;4,63;4,50;4,59;4,42;5,34;3,92;3,84;4,46;4,38;4,63
2019M07;;4,42;4,17;4,34;4,29;3,50;4,21;4,38;4,38;4,38;4,46;3,96;4,00;4,13;3,84;3,88;4,13;4,17;4,13;4,46;4,09;4,00;4,42;4,92;8,54;3,26;3,50;3,21;4,46;4,34;4,67;4,96;5,34;4,67;4,63;4,50;4,59;4,42;5,88;3,96;3,80;4,46;4,34;4,63
2019M08;;4,38;4,13;4,30;4,29;3,59;4,21;4,38;4,38;4,38;4,46;4,00;4,05;4,21;3,84;3,92;4,09;4,17;4,09;4,46;4,09;4,00;4,38;4,71;8,54;3,30;3,50;3,17;4,46;4,33;4,67;5,01;4,75;4,67;4,71;4,55;4,63;4,42;6,17;3,96;3,71;4,46;4,34;4,63
2019M09;;4,38;4,05;4,29;4,29;3,80;4,46;4,38;4,38;4,38;4,46;3,96;4,00;4,17;3,84;3,92;4,08;4,17;4,09;4,46;4,09;3,96;4,38;4,55;8,54;3,26;3,50;3,17;4,50;4,34;4,67;5,08;4,63;4,67;4,71;4,55;4,63;4,42;4,92;3,96;3,71;4,46;4,34;4,63
2019M10;;4,38;4,04;4,25;4,30;3,88;4,46;4,38;4,38;4,38;4,46;4,05;4,08;4,13;3,84;4,09;4,13;4,17;4,17;4,46;4,09;3,96;4,38;4,84;8,54;3,21;3,50;3,17;4,51;4,34;4,67;5,21;4,71;4,75;4,71;4,55;4,63;4,42;4,80;3,96;3,80;4,46;4,38;4,63
2019M11;;4,38;4,00;4,25;4,30;3,84;4,50;4,38;4,38;4,42;4,46;4,09;4,09;4,17;3,80;3,79;4,09;4,21;4,21;4,46;4,09;4,00;4,38;4,54;8,54;3,17;3,50;3,13;4,55;4,34;4,67;5,30;4,42;4,75;4,71;4,55;4,63;4,42;4,50;3,92;3,80;4,46;4,38;4,63
2019M12;;4,34;3,96;4,13;4,29;3,84;4,42;4,38;4,38;4,38;4,46;4,13;4,05;4,13;3,80;3,58;4,08;4,21;4,21;4,50;4,09;4,00;4,42;4,50;8,54;3,13;3,46;3,17;4,55;4,34;4,67;5,42;4,25;4,75;4,71;4,55;4,63;4,42;4,51;3,96;3,80;4,46;4,38;4,63
2020M01;;4,38;4,00;4,25;4,30;3,46;4,13;4,38;4,38;4,42;4,55;4,09;4,04;4,17;3,88;4,09;4,08;4,25;4,21;4,50;4,09;4,00;4,46;4,42;8,50;3,13;3,46;3,13;4,55;4,38;4,71;5,50;4,46;4,75;4,71;4,67;4,67;4,46;4,29;3,96;3,75;4,59;4,46;4,79
2020M02;;4,42;4,00;4,25;4,30;3,63;4,34;4,42;4,42;4,38;4,55;4,00;4,05;4,13;3,92;3,92;4,09;4,21;4,25;4,50;4,09;4,00;4,42;4,67;8,50;3,13;3,46;3,13;4,55;4,38;4,75;5,50;4,96;4,75;4,71;4,67;4,67;4,46;4,00;3,96;3,79;4,59;4,46;4,79
2020M03;;4,42;4,01;4,25;4,30;3,79;4,55;4,42;4,42;4,42;4,55;3,96;4,08;3,96;3,92;3,75;4,08;4,25;4,21;4,50;4,09;4,00;4,29;4,46;8,50;3,13;3,46;3,09;4,55;4,38;4,75;5,58;4,51;4,75;4,71;4,67;4,67;4,50;3,96;3,92;3,80;4,59;4,46;4,79
2020M04;;4,42;4,01;4,21;4,33;3,76;4,71;4,42;4,42;4,38;4,55;3,92;4,13;3,88;4,04;3,84;4,04;4,21;4,21;4,50;4,09;4,00;4,17;4,79;8,50;3,09;3,42;3,05;4,55;4,38;4,75;5,59;4,50;4,75;4,71;4,67;4,67;4,50;4,59;3,92;3,71;4,59;4,46;4,83
2020M05;;4,42;3,96;4,21;4,38;3,67;4,71;4,42;4,42;4,42;4,55;3,88;4,08;3,88;4,00;3,88;4,04;4,21;4,25;4,54;4,09;4,00;4,17;4,63;8,50;3,13;3,42;3,05;4,55;4,42;4,75;5,67;3,96;4,75;4,71;4,67;4,67;4,50;4,88;4,00;3,67;4,59;4,46;4,83
2020M06;;4,42;4,04;4,25;4,42;3,63;4,71;4,42;4,42;4,42;4,55;3,88;4,04;3,92;3,96;3,75;3,96;4,21;4,25;4,55;4,09;4,00;4,25;4,83;8,50;3,13;3,42;3,01;4,55;4,42;4,75;5,67;4,17;4,75;4,71;4,67;4,67;4,50;4,29;3,96;3,63;4,59;4,46;4,83
2020M07;;4,46;4,09;4,33;4,75;3,50;4,46;4,42;4,42;4,42;4,54;3,92;4,09;3,79;4,00;3,84;3,92;4,26;4,17;4,55;4,09;4,00;4,34;4,83;8,51;3,09;3,38;3,05;4,55;4,42;4,63;5,63;5,21;4,75;4,71;4,67;4,67;4,50;5,34;3,96;3,88;4,59;4,46;4,84
2020M08;;4,42;4,04;4,25;5,30;3,58;4,54;4,42;4,42;4,42;4,54;3,92;4,00;3,76;3,96;3,63;3,88;4,21;4,17;4,55;4,09;4,00;4,34;4,55;8,51;3,17;3,38;2,96;4,55;4,38;4,76;5,71;4,63;4,75;4,96;4,75;4,71;4,50;4,80;3,92;3,92;4,59;4,46;4,84
2020M09;;4,38;4,00;4,21;5,33;3,75;4,59;4,42;4,42;4,42;4,54;3,92;4,05;3,83;3,96;3,75;3,83;4,17;4,13;4,55;4,09;4,00;4,34;4,46;8,51;3,04;3,38;3,00;4,55;4,38;4,71;5,67;4,50;4,75;4,96;4,75;4,71;4,50;4,29;3,92;3,88;4,59;4,46;4,84
2020M10;;4,38;4,01;4,25;5,34;3,75;4,54;4,42;4,42;4,42;4,54;3,96;4,05;3,96;3,96;3,71;3,84;4,25;4,13;4,63;4,09;4,00;4,30;4,59;8,51;3,13;3,38;2,96;4,58;4,38;4,71;5,71;4,59;4,88;4,96;4,75;4,71;4,50;4,50;3,96;3,92;4,59;4,46;4,84
2020M11;;4,42;4,00;4,21;5,88;3,71;4,51;4,42;4,42;4,42;4,54;3,92;4,05;3,88;4,05;3,75;3,88;4,21;4,17;4,63;4,09;4,00;4,29;4,29;8,51;3,05;3,34;3,00;4,59;4,42;4,71;5,71;4,30;4,88;4,96;4,75;4,71;4,54;4,13;3,96;3,96;4,59;4,46;4,84
2020M12;;4,38;3,92;4,13;5,88;3,67;4,46;4,42;4,42;4,42;4,54;3,96;4,09;3,88;3,88;3,51;3,75;4,21;4,13;4,63;4,09;4,04;4,33;4,26;8,51;3,09;3,34;3,00;4,59;4,42;4,71;5,76;4,13;4,88;4,96;4,75;4,71;4,54;4,01;3,92;3,96;4,59;4,46;4,84
2021M01;;4,38;4,04;4,26;5,88;3,54;4,25;4,42;4,42;4,42;4,67;3,96;4,04;3,79;3,92;3,71;3,75;4,17;4,13;4,63;4,09;4,09;4,38;4,25;8,88;2,96;3,30;2,96;4,59;4,42;4,75;5,75;4,34;4,88;4,96;4,83;4,71;4,58;3,75;3,96;3,92;4,71;4,50;4,84
2021M02;;4,42;4,00;4,21;5,75;3,63;4,25;4,46;4,50;4,46;4,67;4,04;4,01;3,88;3,92;3,67;3,67;4,21;4,17;4,63;4,09;4,05;4,42;4,34;8,88;2,96;3,30;2,96;4,59;4,42;4,75;5,71;4,83;4,88;4,96;4,83;4,71;4,55;3,88;3,92;3,92;4,71;4,50;4,84
2021M03;;4,38;4,01;4,17;5,75;3,67;4,50;4,46;4,50;4,46;4,67;4,04;4,00;4,05;4,00;3,42;3,67;4,17;4,13;4,63;4,09;4,05;4,50;4,29;8,88;3,00;3,30;2,96;4,59;4,46;4,84;5,71;4,42;4,88;4,96;4,83;4,71;4,58;3,88;3,92;3,92;4,71;4,50;4,84
2021M04;;4,42;4,04;4,29;5,75;3,71;4,55;4,46;4,50;4,46;4,67;4,04;4,00;3,96;4,04;3,42;3,67;4,17;4,17;4,63;4,09;4,05;4,50;4,38;8,88;3,01;3,33;2,96;4,63;4,42;4,88;5,75;4,38;4,88;4,96;4,83;4,75;4,58;4,13;4,00;3,92;4,71;4,51;4,84
2021M05;;4,42;4,04;4,25;5,75;3,75;4,59;4,46;4,50;4,46;4,67;4,05;4,00;4,00;3,92;3,42;3,71;4,26;4,17;4,63;4,09;4,09;4,54;4,34;8,88;2,96;3,30;2,96;4,59;4,46;4,88;5,71;3,88;4,88;4,96;4,83;4,75;4,63;4,50;4,00;3,92;4,71;4,51;4,88
2021M06;;4,42;4,05;4,21;5,75;3,67;4,55;4,46;4,50;4,50;4,67;4,09;4,04;3,92;3,92;3,46;3,71;4,29;4,13;4,63;4,09;4,09;4,59;4,50;8,88;2,96;3,30;2,92;4,59;4,46;4,88;5,71;4,05;4,88;4,96;4,83;4,75;4,63;4,59;4,00;3,92;4,71;4,51;4,88
2021M07;;4,50;4,09;4,30;5,75;3,50;4,34;4,46;4,50;4,51;4,63;4,25;4,09;3,84;3,92;3,54;3,71;4,34;4,09;4,67;4,09;4,13;4,67;4,46;8,88;3,00;3,30;2,88;4,59;4,38;4,92;5,75;5,38;4,88;4,96;4,83;4,75;4,63;5,59;4,00;3,88;4,71;4,50;4,88
2021M08;;4,46;4,05;4,29;5,75;3,58;4,42;4,46;4,50;4,54;4,63;4,34;4,00;3,76;3,96;3,54;3,67;4,17;4,09;4,63;4,09;4,13;4,67;4,30;8,88;3,13;3,30;2,92;4,59;4,38;4,92;5,79;4,55;4,88;5,05;4,88;4,79;4,67;4,79;3,96;3,92;4,71;4,50;4,88
2021M09;;4,46;4,04;4,25;5,75;3,71;4,50;4,46;4,50;4,59;4,63;4,38;4,13;3,80;3,92;3,55;3,71;4,30;4,04;4,63;4,09;4,13;4,67;4,25;8,88;3,17;3,30;2,92;4,59;4,42;4,96;5,80;4,79;4,88;5,05;4,88;4,79;4,63;4,50;3,96;3,92;4,71;4,50;4,88
2021M10;;4,46;4,05;4,25;5,75;3,75;4,50;4,46;4,50;4,59;4,63;4,75;4,13;4,04;3,96;3,55;3,75;4,25;4,04;4,71;4,09;4,13;4,84;4,42;8,88;3,25;3,30;2,96;4,59;4,46;4,96;5,79;4,88;5,00;5,05;4,88;4,79;4,67;4,63;3,96;3,92;4,71;4,50;4,88
2021M11;;4,50;4,08;4,29;5,75;3,79;4,51;4,46;4,50;4,67;4,63;4,88;4,09;3,84;3,92;3,34;3,76;4,30;4,09;4,71;4,09;4,17;4,88;4,42;8,88;3,25;3,29;2,92;4,63;4,46;5,00;5,83;4,54;5,00;5,05;4,88;4,79;4,67;4,30;3,96;3,92;4,71;4,50;4,92
2021M12;;4,46;3,88;4,21;5,75;3,75;4,50;4,46;4,50;4,75;4,63;4,88;4,09;3,96;3,92;3,38;3,79;4,30;4,09;4,71;4,09;4,17;4,71;4,38;8,88;3,17;3,25;2,92;4,59;4,38;5,00;5,92;4,38;5,00;5,05;4,88;4,79;4,71;4,13;3,92;3,92;4,71;4,50;4,88
2022M01;;4,55;4,13;4,34;5,75;3,50;4,25;4,46;4,50;4,84;4,71;5,63;4,13;3,96;3,88;3,54;3,88;4,30;4,13;4,71;4,13;4,21;4,80;4,25;9,25;3,13;3,25;2,88;5,05;4,46;5,00;5,75;4,50;5,00;5,05;4,88;4,79;4,71;4,17;3,92;3,96;4,96;4,55;4,88
2022M02;;4,67;4,21;4,38;5,75;3,58;4,25;4,54;4,55;4,84;4,71;5,38;4,34;4,05;3,96;3,67;3,88;4,42;4,21;4,71;4,13;4,25;4,88;4,46;9,25;3,17;3,25;2,92;5,05;4,46;5,04;5,67;4,83;5,00;5,05;4,88;4,80;4,75;4,21;4,00;3,96;4,96;4,55;4,88
2022M03;;4,67;4,17;4,34;5,83;3,71;4,42;4,54;4,55;4,92;4,71;5,42;4,33;4,05;3,96;3,63;3,92;4,42;4,21;4,71;4,13;4,33;5,13;4,38;9,25;3,17;3,26;2,88;5,08;4,50;5,05;5,67;4,67;5,00;5,05;4,88;4,80;4,80;4,29;3,96;3,96;4,96;4,55;4,88
2022M04;;4,75;4,13;4,34;6,34;3,79;4,58;4,54;4,55;4,96;4,71;6,13;4,34;4,05;4,05;3,50;3,84;4,50;4,13;4,75;4,17;4,38;5,13;4,59;9,25;3,17;3,29;2,92;5,09;4,50;5,09;5,75;5,04;5,00;5,05;4,88;4,80;4,84;4,84;3,96;4,04;4,96;4,55;4,88
2022M05;;4,88;4,29;4,42;6,34;3,84;4,59;4,55;4,58;5,05;4,71;5,92;4,42;4,17;4,09;3,63;3,92;4,55;4,13;4,75;4,17;4,42;5,30;4,67;9,25;3,25;3,33;2,88;5,09;4,54;5,09;5,88;4,63;5,00;5,05;4,88;4,80;4,92;4,88;4,05;4,05;4,96;4,55;4,92
2022M06;;5,04;4,38;4,42;6,34;3,71;4,63;4,55;4,58;5,13;4,71;5,92;4,55;4,09;4,08;3,42;3,96;4,63;4,21;4,75;4,17;4,46;5,54;4,63;9,25;3,29;3,34;2,92;5,09;4,50;5,09;5,83;4,92;5,00;5,05;4,88;4,80;4,96;5,38;4,05;4,04;4,96;4,55;4,92
2022M07;;5,21;4,42;4,50;6,34;3,67;4,55;4,55;4,58;5,17;4,71;6,17;4,58;4,09;4,13;3,46;3,96;4,67;4,21;4,75;4,17;4,54;5,42;5,00;9,25;3,25;3,38;2,88;5,09;4,58;5,17;5,92;6,25;5,00;5,05;4,88;4,80;5,00;6,55;4,05;4,00;4,96;4,63;4,92
2022M08;;5,21;4,46;4,46;6,34;3,71;4,59;4,58;4,59;5,21;4,71;6,38;4,54;4,13;4,25;3,58;3,92;4,59;4,17;4,75;4,17;4,55;5,25;4,84;9,25;3,25;3,38;2,92;5,09;4,51;5,17;5,84;5,38;5,00;5,25;4,84;4,88;5,05;6,13;4,05;4,00;4,96;4,63;4,96
2022M09;;5,17;4,46;4,46;6,34;3,88;4,67;4,58;4,59;5,34;4,71;7,59;4,67;4,29;4,21;3,63;3,96;4,79;4,17;4,75;4,17;4,59;5,21;4,71;9,25;3,25;3,38;2,92;5,09;4,55;5,13;5,88;5,33;5,00;5,25;4,84;4,88;5,05;4,92;4,00;4,05;4,96;4,63;4,96
2022M10;;5,21;4,50;4,54;6,34;3,92;4,71;4,58;4,59;5,34;4,71;7,96;4,75;4,34;4,26;3,63;4,00;4,83;4,17;4,84;4,17;4,63;5,34;4,79;9,25;3,42;3,38;2,96;5,09;4,67;5,17;5,92;5,38;5,13;5,25;4,84;4,88;5,09;4,92;4,13;4,09;4,96;4,63;5,17
2022M11;;5,21;4,50;4,50;6,34;3,92;4,67;4,59;4,63;5,38;4,71;7,21;4,67;4,29;4,34;3,55;4,05;4,88;4,21;4,88;4,17;4,59;5,21;4,63;9,25;3,34;3,42;2,84;5,09;4,75;5,17;5,92;5,13;5,13;5,25;4,84;4,88;5,13;4,55;4,17;4,13;4,96;4,63;5,17
2022M12;;5,13;4,29;4,38;6,34;3,92;4,67;4,59;4,63;5,42;4,71;6,84;4,79;4,30;4,38;3,54;4,05;4,88;4,25;4,88;4,17;4,63;5,04;4,59;9,25;3,50;3,42;2,96;5,09;4,75;5,21;5,96;4,79;5,13;5,25;4,84;4,88;5,13;4,50;4,17;4,09;4,96;4,63;5,17
2023M01;;5,25;4,59;4,59;6,34;3,67;4,46;4,59;4,63;5,46;4,92;6,67;4,71;4,21;4,38;3,59;4,13;4,92;4,21;4,88;4,17;4,59;5,17;4,46;9,71;3,34;3,42;2,92;5,33;4,71;5,21;5,96;5,08;5,13;5,25;5,00;5,01;5,17;4,63;4,21;4,05;5,21;4,80;5,17
2023M02;;5,38;4,67;4,63;6,34;3,75;4,54;4,67;4,71;5,46;4,92;6,29;4,76;4,34;4,34;3,50;4,09;5,13;4,30;4,88;4,17;4,55;5,17;4,75;9,71;3,46;3,46;2,92;5,33;4,79;5,25;5,96;5,38;5,13;5,25;5,00;5,01;5,21;4,96;4,30;4,09;5,21;4,80;5,17
2023M03;;5,42;4,71;4,58;6,38;3,88;4,63;4,67;4,71;5,46;4,92;6,09;4,75;4,38;4,38;3,46;4,17;5,09;4,29;4,88;4,17;4,55;5,17;4,67;9,71;3,46;3,42;2,92;5,33;4,75;5,25;6,09;5,21;5,13;5,25;5,00;5,01;5,25;4,63;4,29;4,09;5,21;4,80;5,17
2023M04;;5,38;4,67;4,55;6,38;3,92;4,75;4,67;4,71;5,46;4,92;5,84;4,75;4,33;4,46;3,59;4,17;5,09;4,30;5,00;4,25;4,54;5,17;4,75;9,71;3,42;3,42;2,92;5,38;4,71;5,29;6,13;5,26;5,13;5,25;5,00;5,01;5,30;5,34;4,30;4,13;5,21;4,84;5,38
2023M05;;5,42;4,71;4,63;6,38;3,92;4,75;4,67;4,71;5,42;4,92;4,59;4,71;4,26;4,38;3,51;4,09;5,04;4,33;5,00;4,25;4,55;5,09;4,75;9,71;3,34;3,42;2,88;5,38;4,71;5,29;6,09;5,09;5,13;5,25;5,00;5,01;5,30;5,17;4,29;4,13;5,21;4,84;5,38
2023M06;;5,46;4,79;4,63;6,38;3,80;4,67;4,67;4,71;5,50;4,92;4,50;4,80;4,29;4,42;3,34;4,08;5,13;4,33;5,00;4,25;4,54;5,13;4,84;9,71;3,34;3,42;2,88;5,38;4,71;5,33;6,13;5,34;5,13;5,25;5,00;5,01;5,34;5,67;4,30;4,13;5,21;4,84;5,42
2023M07;;5,51;4,88;4,71;6,38;3,67;4,67;4,67;4,71;5,46;4,92;5,08;4,71;4,26;4,38;3,54;4,13;5,13;4,30;5,00;4,26;4,54;5,13;5,00;9,71;3,38;3,46;2,88;5,38;4,71;5,42;6,13;6,83;5,13;5,25;5,00;5,01;5,34;8,05;4,29;4,13;5,21;4,88;5,38
2023M08;;5,42;4,84;4,67;6,38;3,71;4,71;4,71;4,71;5,42;4,92;5,01;4,63;4,25;4,42;3,46;4,13;5,04;4,33;5,00;4,26;4,54;5,25;4,83;9,71;3,34;3,42;2,84;5,38;4,59;5,42;6,17;5,83;5,13;5,58;5,21;5,21;5,38;6,96;4,29;4,13;5,21;4,88;5,42
2023M09;;5,42;4,75;4,63;6,38;3,88;4,80;4,71;4,71;5,38;4,92;5,08;4,75;4,25;4,33;3,42;4,13;5,05;4,29;5,01;4,26;4,51;5,30;4,84;9,71;3,38;3,42;2,88;5,38;4,63;5,46;6,13;5,71;5,13;5,58;5,21;5,21;5,38;5,38;4,25;4,13;5,21;4,88;5,42
2023M10;;5,38;4,71;4,63;6,42;3,92;4,83;4,71;4,71;5,42;4,92;5,17;4,58;4,17;4,42;3,50;4,17;5,05;4,30;5,05;4,26;4,50;5,25;4,92;9,71;3,26;3,42;2,96;5,42;4,63;5,46;6,25;5,79;5,38;5,58;5,21;5,21;5,38;6,00;4,25;4,09;5,21;4,92;5,42
2023M11;;5,38;4,71;4,67;6,42;3,88;4,88;4,71;4,71;5,42;4,92;5,25;4,71;4,21;4,33;3,42;4,13;5,09;4,26;5,05;4,26;4,50;5,17;4,75;9,71;3,29;3,42;2,88;5,42;4,67;5,46;6,34;5,71;5,38;5,58;5,21;5,21;5,38;4,79;4,29;4,09;5,21;4,92;5,42
2023M12;;5,25;4,50;4,50;6,42;3,88;4,79;4,71;4,71;5,42;4,92;5,25;4,80;4,33;4,38;3,38;4,13;5,05;4,38;5,05;4,26;4,46;5,09;4,79;9,71;3,08;3,46;2,92;5,42;4,63;5,46;6,42;5,42;5,38;5,58;5,21;5,21;5,42;4,75;4,25;4,13;5,21;4,92;5,42
2024M01;;5,34;4,80;4,75;6,46;3,67;4,50;4,71;4,71;5,46;5,21;5,63;4,63;4,21;4,34;3,33;4,13;4,96;4,42;5,08;4,26;4,42;5,21;4,71;13,54;3,13;3,46;2,83;5,46;4,63;5,50;6,34;5,67;5,38;5,58;5,25;5,34;5,46;4,84;4,26;4,13;5,42;5,09;5,46
2024M02;;5,33;4,75;4,71;6,46;3,71;4,63;4,76;4,79;5,46;5,21;5,58;4,59;4,21;4,38;3,21;4,17;5,05;4,42;5,08;4,26;4,42;5,29;5,13;13,54;2,96;3,46;2,88;5,46;4,63;5,54;6,46;5,92;5,38;5,58;5,25;5,34;5,46;5,25;4,26;4,17;5,42;5,09;5,46
2024M03;;5,38;4,71;4,67;6,46;3,92;4,79;4,76;4,79;5,50;5,21;5,54;4,46;4,34;4,38;3,25;4,17;4,92;4,46;5,08;4,26;4,38;5,29;5,09;13,54;2,96;3,46;2,88;5,46;4,63;5,55;6,50;5,71;5,38;5,58;5,25;5,34;5,46;4,80;4,26;4,13;5,42;5,09;5,46
2024M04;;5,42;4,88;4,71;6,46;3,96;4,80;4,76;4,79;5,46;5,21;5,17;4,50;4,21;4,34;3,17;4,09;5,01;4,38;5,13;4,26;4,38;5,34;5,01;13,54;3,08;3,46;2,88;5,50;4,67;5,58;6,46;5,75;5,38;5,58;5,25;5,34;5,50;5,00;4,29;4,21;5,42;5,09;5,38
2024M05;;5,42;4,84;4,71;6,46;3,96;4,83;4,79;4,79;5,50;5,21;5,17;4,30;4,21;4,42;3,13;4,05;5,08;4,34;5,13;4,26;4,34;5,34;5,26;13,54;3,21;3,46;2,88;5,50;4,67;5,58;6,50;5,25;5,38;5,58;5,25;5,34;5,50;5,38;4,30;4,21;5,42;5,09;5,38
2024M06;;5,50;4,92;4,63;6,50;3,79;4,75;4,79;4,79;5,55;5,21;5,17;4,29;4,13;4,38;3,17;4,13;5,04;4,34;5,17;4,29;4,33;5,34;5,30;13,54;3,01;3,46;2,80;5,50;4,63;5,59;6,50;5,46;5,38;5,58;5,25;5,34;5,54;5,80;4,34;4,21;5,42;5,09;5,29
2024M07;;5,55;4,96;4,75;6,50;3,63;4,54;4,79;4,79;5,58;5,21;5,17;4,42;4,17;4,30;3,17;4,17;5,00;4,38;5,17;4,29;4,30;5,42;5,59;13,54;3,04;3,46;2,80;5,50;4,63;5,58;6,50;6,80;5,38;5,58;5,25;5,34;5,50;8,38;4,34;4,21;5,42;5,13;5,29
2024M08;;5,54;4,96;4,75;6,50;3,67;4,51;4,79;4,80;5,55;5,21;5,46;4,42;4,17;4,30;3,08;4,13;4,96;4,38;5,17;4,29;4,30;5,33;5,30;13,54;3,13;3,46;2,83;5,50;4,55;5,59;6,63;5,92;5,38;5,75;5,30;5,46;5,50;7,09;4,30;4,21;5,42;5,13;5,29
2024M09;;5,55;4,92;4,75;6,50;3,92;4,71;4,79;4,80;5,55;5,21;5,26;4,46;4,17;4,42;3,25;4,17;5,04;4,46;5,17;4,29;4,26;5,21;5,13;13,54;3,13;3,46;2,83;5,50;4,63;5,59;6,63;5,88;5,38;5,75;5,30;5,46;5,51;5,34;4,30;4,21;5,42;5,13;5,29
2024M10;;5,58;4,96;4,75;6,54;3,96;4,80;4,79;4,80;5,55;5,21;5,59;4,25;4,09;4,42;3,09;4,13;5,04;4,46;5,17;4,29;4,26;5,29;5,33;13,54;3,13;3,46;2,88;5,50;4,71;5,63;6,59;5,55;5,58;5,75;5,30;5,46;5,46;5,92;4,30;4,21;5,42;5,13;5,29
2024M11;;5,59;4,92;4,71;6,54;3,92;4,80;4,80;4,83;5,59;5,21;5,71;4,46;4,17;4,46;3,13;4,13;5,05;4,34;5,17;4,29;4,25;5,29;5,08;13,54;3,05;3,46;2,88;5,50;4,71;5,63;6,63;4,92;5,58;5,75;5,30;5,46;5,46;4,63;4,29;4,21;5,42;5,13;5,29
2024M12;;5,46;4,79;4,58;6,54;3,92;4,75;4,80;4,83;5,59;5,21;5,63;4,50;4,17;4,38;3,17;4,13;5,08;4,46;5,21;4,29;4,25;5,26;5,09;13,54;3,21;3,50;2,88;5,50;4,63;5,63;6,63;4,55;5,58;5,75;5,30;5,46;5,50;5,30;4,25;4,25;5,42;5,13;5,30
2025M01;;5,55;5,08;4,80;6,55;3,63;4,51;4,80;4,83;5,59;5,50;5,67;4,42;4,09;4,34;3,00;4,17;5,04;4,42;5,21;4,29;4,21;5,42;5,09;15,05;2,92;3,51;2,79;5,50;4,67;5,71;6,67;4,75;5,58;5,75;5,38;5,55;5,50;5,21;4,29;4,17;5,75;5,34;5,33
2025M02;;5,59;5,17;4,75;6,58;3,75;4,58;4,88;4,88;5,63;5,50;5,80;4,42;4,13;4,42;3,17;4,21;5,08;4,50;5,21;4,30;4,25;5,46;5,17;15,05;3,13;3,51;2,88;5,54;4,63;5,71;6,71;5,88;5,58;5,75;5,38;5,55;5,54;5,21;4,25;4,21;5,75;5,34;5,29